codigo_municipio,cod_seccion,mos,area_km2,setr,lat,lon,partes
05001,05001300101,590,4.86179392476,050013001,6.34500396686,-75.7001915442,1
05001,05001300102,66,5.76440189702,050013001,6.30633201051,-75.686201792,1
05001,05001300103,727,4.86037275338,050013001,6.28657120962,-75.6592245643,1
05001,05001300104,95,5.29707703997,050013001,6.24532814794,-75.6818058791,1
05001,05001300105,514,5.55510838115,050013001,6.1926474924,-75.6756969482,1
05001,05001300106,433,4.17850966673,050013001,6.36207485365,-75.7053052256,1
05001,05001300107,452,5.81566840956,050013001,6.3286931537,-75.7087077507,1
05001,05001300108,187,4.9486084365,050013001,6.33303622468,-75.6822695696,1
05001,05001300109,15,3.94637600985,050013001,6.31657562586,-75.6759664661,1
05001,05001300110,229,4.57211398082,050013001,6.30780655424,-75.6624126767,1
05001,05001300111,36,5.0390595336,050013001,6.30458410546,-75.6999660161,1
05001,05001300112,4,4.49120739391,050013001,6.2814467376,-75.6989686344,1
05001,05001300113,4,4.89840078041,050013001,6.27739889451,-75.6814338108,1
05001,05001300114,203,5.19335445537,050013001,6.27383944202,-75.6684121961,1
05001,05001300115,55,5.97352410508,050013001,6.26022832997,-75.6976601021,1
05001,05001300116,45,5.87919487923,050013001,6.229712631,-75.6983051645,1
05001,05001300117,43,5.09499155624,050013001,6.22468264205,-75.6834745888,1
05001,05001300118,63,4.16936645732,050013001,6.20465338432,-75.6845472638,1
05001,05001300119,157,4.16240268866,050013001,6.21363607206,-75.6463822675,1
05001,05001300120,88,3.46533194416,050013001,6.19991480086,-75.6418806016,1
05001,05001300121,164,3.35125627886,050013001,6.20042532679,-75.6574141334,1
05001,05001300122,189,4.193134908,050013001,6.17426580642,-75.6706013904,1
05001,05001300201,79,3.64407364299,050013002,6.3672966991,-75.6826212956,1
05001,05001300202,654,5.9380747267,050013002,6.30420642748,-75.6280572437,1
05001,05001300203,1073,5.02116352837,050013002,6.29141307438,-75.6335193263,1
05001,05001300204,116,5.01777844847,050013002,6.2620712108,-75.6412557562,1
05001,05001300205,145,5.2981114984,050013002,6.22707061129,-75.6538034861,1
05001,05001300206,232,2.63923312263,050013002,6.22829310941,-75.6306762969,1
05001,05001300208,48,3.77686750153,050013002,6.35256282838,-75.6845418172,1
05001,05001300209,6,4.97062954055,050013002,6.35242546833,-75.6668483596,1
05001,05001300210,15,4.39660071539,050013002,6.33143645482,-75.6596037119,1
05001,05001300211,321,4.58052407486,050013002,6.3124928621,-75.6483930352,1
05001,05001300212,462,5.86895933406,050013002,6.30366327767,-75.6038342165,1
05001,05001300213,130,5.25680869661,050013002,6.25676146839,-75.6603511481,1
05001,05001300214,42,3.69902679125,050013002,6.24414752573,-75.6537247747,1
05001,05001300215,90,3.77770784222,050013002,6.2307255454,-75.6675582345,1
05001,05001300216,408,4.76904767122,050013002,6.21255312262,-75.6164549108,1
05001,05001300217,347,4.29375670667,050013002,6.20060535382,-75.6297710518,1
05001,05001300218,190,2.78144361888,050013002,6.23995065651,-75.6295564256,1
05001,05001300301,268,6.26584742639,050013003,6.27031212429,-75.5077051069,1
05001,05001300302,210,5.08357864968,050013003,6.24468038631,-75.4880603578,1
05001,05001300303,440,5.81130353014,050013003,6.22364579526,-75.5075976498,1
05001,05001300304,575,5.40379705204,050013003,6.20170314636,-75.4985075012,1
05001,05001300305,0,0.236733285295,050013003,6.17292776999,-75.5383668533,1
05001,05001300306,200,5.83627110015,050013003,6.27581285072,-75.5307547251,1
05001,05001300307,27,5.45676684118,050013003,6.28809866717,-75.5103201155,1
05001,05001300308,172,5.4733995943,050013003,6.25057614701,-75.5263771471,1
05001,05001300309,295,5.50085290006,050013003,6.24382192133,-75.5054216488,1
05001,05001300310,27,5.58810588473,050013003,6.22139524732,-75.5346055178,1
05001,05001300311,47,4.64387483636,050013003,6.20535161244,-75.5341428936,1
05001,05001300312,308,4.78369324184,050013003,6.18664255825,-75.5427170197,1
05002,05002300101,156,20.1784412298,050023001,5.79987488438,-75.4056675997,1
05002,05002300102,123,22.0128753769,050023001,5.83744913118,-75.3744193281,1
05002,05002300103,156,20.5385940611,050023001,5.79158795915,-75.3713746672,1
05002,05002300104,111,21.6594641807,050023001,5.81486715581,-75.3301394249,1
05002,05002300105,83,19.2654437886,050023001,5.84949040513,-75.3372120164,1
05002,05002300106,134,19.0762615022,050023001,5.85825987021,-75.3035087929,1
05002,05002300201,280,21.5389594436,050023002,5.76388362904,-75.4413917159,1
05002,05002300202,190,20.758304906,050023002,5.77105218689,-75.370494189,1
05002,05002300203,247,21.6728664066,050023002,5.73119886628,-75.4756629486,1
05002,05002300204,277,23.7047911756,050023002,5.72535380512,-75.439073484,1
05002,05002300205,145,19.3676330303,050023002,5.7098191171,-75.5127887157,1
05002,05002300206,95,20.4421294093,050023002,5.68978390694,-75.4718519313,1
05002,05002300301,251,20.5460122981,050023003,5.80381468361,-75.5333516778,1
05002,05002300302,78,23.6642098838,050023003,5.74193306653,-75.5367231666,1
05002,05002300303,307,21.1956116753,050023003,5.76071555971,-75.5057697522,1
05002,05002300401,165,21.9566112538,050023004,5.84167197381,-75.5054678078,1
05002,05002300402,299,21.3167055423,050023004,5.80063756892,-75.495157009,1
05002,05002300403,169,21.948377074,050023004,5.79948343897,-75.4598196685,1
05002,05002300501,211,23.3885726035,050023005,5.90888493711,-75.4667989978,1
05002,05002300502,200,18.0862464926,050023005,5.89192998475,-75.4344777366,1
05002,05002300503,122,21.6842446763,050023005,5.87329587509,-75.3851694447,1
05002,05002300504,194,23.1060195802,050023005,5.85883578594,-75.4740569725,1
05002,05002300505,126,18.5563748798,050023005,5.83349332068,-75.441238763,1
05002,05002300506,116,19.9471683125,050023005,5.8471566029,-75.4176074781,1
05004,05004300101,25,28.6696173965,050043001,6.67864561499,-76.141515252,1
05004,05004300102,47,20.5049833796,050043001,6.68096518558,-76.0959562642,1
05004,05004300103,14,20.1702005863,050043001,6.64946701697,-76.1362726826,1
05004,05004300104,12,19.6710569994,050043001,6.62010263806,-76.1347485837,1
05004,05004300105,26,25.2369044044,050043001,6.60875722814,-76.1160298253,1
05004,05004300201,186,20.1461400464,050043002,6.71988972094,-76.066496988,1
05004,05004300202,84,22.6770307355,050043002,6.68363961303,-76.0649170317,1
05004,05004300203,52,21.9472355439,050043002,6.64500712314,-76.0453655754,1
05004,05004300204,26,17.4943859371,050043002,6.61634408077,-76.0418725862,1
05004,05004300301,41,20.9990058408,050043003,6.60115722032,-76.0793073138,1
05004,05004300302,18,19.5276916438,050043003,6.52745512852,-76.0532056231,1
05004,05004300303,21,20.4455769815,050043003,6.58657378268,-76.0456101109,1
05004,05004300304,26,17.8826669551,050043003,6.56280406942,-76.0436510713,1
05004,05004300305,12,21.4153468962,050043003,6.57179512459,-76.1032474829,1
05021,05021300101,113,25.6905301716,050213001,6.34143487637,-75.1456554462,1
05021,05021300102,244,19.6358691679,050213001,6.38227325275,-75.1203827649,1
05021,05021300103,256,21.1579603208,050213001,6.38457403109,-75.0774283449,1
05021,05021300104,225,21.5022567316,050213001,6.33899776718,-75.105635236,1
05021,05021300105,187,18.5145528852,050213001,6.35857098327,-75.0548504188,1
05021,05021300106,5,21.9533597082,050213001,6.39207526108,-75.0267235946,1
05030,05030300101,883,16.9236818427,050303001,6.05431312216,-75.7239764789,1
05030,05030300102,1054,16.3401497035,050303001,6.06473201766,-75.6902522917,1
05030,05030300103,653,24.4385801075,050303001,6.01253256221,-75.7301007161,1
05030,05030300104,1414,22.9744159048,050303001,6.01405199983,-75.686382894,1
05031,05031300101,1,18.4701377236,050313001,7.25332798372,-74.9286412478,1
05031,05031300102,21,18.5585066488,050313001,7.20514509941,-74.9440750609,1
05031,05031300103,131,21.5809227323,050313001,7.17233103591,-74.978546797,1
05031,05031300104,195,21.4399945538,050313001,7.13376117547,-74.9809719455,1
05031,05031300201,108,24.4711109851,050313002,7.11103740642,-75.0043105955,1
05031,05031300202,60,20.1205638067,050313002,7.07690034751,-75.0158759007,1
05031,05031300203,73,32.2697894667,050313002,7.03891673286,-75.035217673,1
05031,05031300204,43,27.3298411955,050313002,7.02887241535,-74.9997499439,1
05031,05031300205,144,20.0955716041,050313002,6.98997250065,-75.0363879265,1
05031,05031300301,1,25.3258320615,050313003,7.2053897111,-74.9060539044,1
05031,05031300302,42,23.0709173907,050313003,7.15765232044,-74.9406326557,1
05031,05031300303,41,30.8322785733,050313003,7.17533056815,-74.8873450233,1
05031,05031300304,12,27.084446633,050313003,7.11975063538,-74.9211625104,1
05031,05031300305,3,20.167066273,050313003,7.07894082541,-74.9171613757,1
05031,05031300401,67,26.9641822408,050313004,7.07987816837,-74.95762057,1
05031,05031300402,36,25.7907454716,050313004,7.02752755794,-74.9705702391,1
05031,05031300403,42,25.0339794778,050313004,7.03568843963,-74.9126922368,1
05031,05031300404,17,20.1811270175,050313004,7.00596151879,-74.9467350353,1
05031,05031300405,97,21.6388050013,050313004,6.9627488681,-75.0101014929,1
05031,05031300406,87,22.7833667521,050313004,6.96017492073,-74.9722506935,1
05031,05031300501,1,20.3237600099,050313005,7.14217654032,-74.8708833054,1
05031,05031300502,4,18.0010161588,050313005,7.08291995185,-74.8859790671,1
05031,05031300503,5,22.6523003727,050313005,7.10286073384,-74.8592219675,1
05031,05031300504,47,21.3880200603,050313005,7.04142010586,-74.8692718489,1
05031,05031300601,32,20.9084327268,050313006,6.97811239086,-74.9271120768,1
05031,05031300602,76,21.3344294325,050313006,6.98522027737,-74.8960468172,1
05031,05031300603,34,20.1290546284,050313006,6.99591275675,-74.8609095046,1
05031,05031300604,57,20.6478400265,050313006,6.93703416618,-74.9178223524,1
05031,05031300605,21,19.5046081957,050313006,6.95378033528,-74.8739365329,1
05031,05031300701,82,29.0644145688,050313007,6.95301276183,-75.0666520565,1
05031,05031300702,124,20.6585764687,050313007,6.92685492866,-75.0352870199,1
05031,05031300703,85,22.8823926503,050313007,6.91981314419,-74.9798115015,1
05031,05031300704,30,25.4153624794,050313007,6.89162418064,-75.0139402165,1
05031,05031300801,209,26.672359392,050313008,6.9207292029,-75.0849917989,1
05031,05031300802,144,20.3521165887,050313008,6.91714534076,-75.1257843024,1
05031,05031300803,13,20.2940319011,050313008,6.8897948728,-75.159425434,1
05031,05031300804,48,16.9141460634,050313008,6.83559751396,-75.1598494988,1
05031,05031300901,46,20.9899157266,050313009,6.87871916899,-75.1086243076,1
05031,05031300902,12,20.7125810864,050313009,6.85162996261,-75.1206111841,1
05031,05031300903,68,22.4233087428,050313009,6.82030429587,-75.1327938298,1
05031,05031300904,140,20.1350807642,050313009,6.80456775034,-75.095045726,1
05031,05031300905,64,22.5816589302,050313009,6.78179098909,-75.0543463707,1
05031,05031301001,34,20.4193853613,050313010,6.87367817169,-75.0707743506,1
05031,05031301002,34,21.5082541105,050313010,6.83048516323,-75.0651007194,1
05031,05031301003,12,20.8780877159,050313010,6.85475784051,-75.0330363151,1
05031,05031301004,155,20.550436912,050313010,6.84273370375,-74.9980418894,1
05031,05031301005,153,20.2451918294,050313010,6.87003290893,-74.9706521313,1
05031,05031301006,70,23.0767473277,050313010,6.81513173676,-74.9719378836,1
05031,05031301007,38,21.2581748665,050313010,6.7798005535,-74.9361964364,1
05031,05031301101,83,22.9497321332,050313011,6.90813289132,-74.940239921,1
05031,05031301102,56,19.600701136,050313011,6.89751591216,-74.8973689138,1
05031,05031301103,134,22.0995335843,050313011,6.86432922829,-74.9319530895,1
05031,05031301104,107,21.9234347458,050313011,6.85351787661,-74.8994100514,1
05031,05031301105,93,24.941203721,050313011,6.81468805042,-74.9256092891,1
05034,05034300101,280,17.3666314512,050343001,5.744308174,-75.8712247259,1
05034,05034300102,659,23.1100114632,050343001,5.71110073639,-75.8582289102,1
05034,05034300103,1411,24.1623401845,050343001,5.66041354585,-75.858187157,1
05034,05034300104,275,20.4124852411,050343001,5.6660133218,-75.8303416068,1
05034,05034300201,1090,20.8681593225,050343002,5.66924562358,-75.9312792108,1
05034,05034300202,950,19.3909385402,050343002,5.68062646985,-75.8950323847,1
05034,05034300203,1022,24.6248630996,050343002,5.63592065309,-75.9046039331,1
05034,05034300301,817,22.6554810005,050343003,5.59746034768,-75.9074489425,1
05034,05034300302,161,18.999540512,050343003,5.56992848055,-75.925697976,1
05034,05034300303,472,18.4305506071,050343003,5.55460179612,-75.8874528024,1
05034,05034300304,38,18.7838294841,050343003,5.53465766027,-75.9259920261,1
05034,05034300305,25,17.147833806,050343003,5.50694980087,-75.9019033264,1
05034,05034300401,0,14.7950646826,050343004,5.60473118981,-75.982070344,1
05034,05034300402,168,15.2584251574,050343004,5.61065360292,-75.9493494769,1
05034,05034300403,0,9.1763018931,050343004,5.58502277118,-75.998127756,1
05034,05034300404,0,19.2019530594,050343004,5.56384813977,-75.9715499649,1
05034,05034300405,0,15.8334418988,050343004,5.53821013096,-75.9720268928,1
05034,05034300406,36,7.60650138539,050343004,5.51814050735,-75.9516626836,1
05034,05034300501,0,7.03994615694,050343005,5.67097092298,-76.0538953517,1
05034,05034300502,11,14.6744987915,050343005,5.66178009706,-76.0101495945,1
05034,05034300503,203,17.9408991078,050343005,5.68005755009,-75.9672364385,1
05034,05034300504,2,9.54121041948,050343005,5.63898753551,-76.0110167975,1
05034,05034300505,170,22.8597095054,050343005,5.64317703736,-75.9650059677,1
05036,05036300101,65,29.2969365798,050363001,6.14778152595,-75.7070252587,1
05036,05036300102,235,26.3122594251,050363001,6.11117877436,-75.7419691654,1
05036,05036300103,316,25.2481523318,050363001,6.10214464026,-75.6993592177,1
05038,05038300101,227,20.9027962086,050383001,6.93455146326,-75.288206862,1
05038,05038300102,363,22.6566011208,050383001,6.88391180629,-75.3050102967,1
05038,05038300103,129,19.0938585185,050383001,6.87111692857,-75.2708700122,1
05038,05038300104,93,17.5910081201,050383001,6.84740640808,-75.3025130988,1
05038,05038300105,212,20.6816866411,050383001,6.93317837982,-75.2607805857,1
05038,05038300201,287,19.043053707,050383002,6.90061292829,-75.3620589181,1
05038,05038300202,267,17.2049643191,050383002,6.93199808458,-75.3237213068,1
05038,05038300203,271,18.8840127436,050383002,6.88246447963,-75.334626779,1
05038,05038300204,30,16.1811912082,050383002,6.85647630947,-75.3766766065,1
05038,05038300205,12,27.1217972067,050383002,6.8089317457,-75.3844305179,1
05038,05038300206,34,19.0159570438,050383002,6.83249067559,-75.3328372159,1
05038,05038300207,7,13.7439293751,050383002,6.80793103138,-75.3477696766,1
05038,05038300301,52,26.51691423,050383003,6.85703060849,-75.4385894101,1
05038,05038300302,3,20.1723934429,050383003,6.87539409435,-75.3996627727,1
05038,05038300303,1,32.9020570443,050383003,6.81843969561,-75.4463450757,1
05038,05038300304,105,26.072120904,050383003,6.79324089196,-75.4382515803,1
05040,05040300101,0,32.4313022024,050403001,7.35496001966,-75.1315407203,1
05040,05040300102,4,28.7159234224,050403001,7.30623491797,-75.1652896398,1
05040,05040300103,2,23.7636891104,050403001,7.3014357657,-75.1343442159,1
05040,05040300104,13,19.390750027,050403001,7.2513355038,-75.1818286246,1
05040,05040300105,2,23.7229784968,050403001,7.26643329887,-75.1319416208,1
05040,05040300106,6,19.3580027202,050403001,7.22234280165,-75.1621283057,1
05040,05040300201,1,17.651626817,050403002,7.37931410679,-75.0875506616,1
05040,05040300202,4,25.3396725194,050403002,7.39779387222,-75.0430159729,1
05040,05040300203,10,22.566906939,050403002,7.3132746448,-75.0923858806,1
05040,05040300204,5,24.3296774993,050403002,7.33950328093,-75.0687664258,1
05040,05040300205,15,20.4293587648,050403002,7.35482739516,-75.0380779872,1
05040,05040300301,19,22.0078518777,050403003,7.38269308642,-74.9616166123,1
05040,05040300302,0,10.3024430715,050403003,7.40012611571,-74.9097356493,1
05040,05040300303,4,22.6848510953,050403003,7.33433175014,-74.9615868532,1
05040,05040300304,5,13.3479531812,050403003,7.36228113508,-74.9342886307,1
05040,05040300305,20,19.0174788269,050403003,7.30286604955,-74.9478404839,1
05040,05040300306,0,17.0490217183,050403003,7.32879672935,-74.9101823277,1
05040,05040300307,0,4.25386713583,050403003,7.30111697892,-74.9221463386,1
05040,05040300308,1,9.34925298495,050403003,7.37467303321,-74.9087520994,1
05040,05040300309,14,11.1465294149,050403003,7.41212600866,-74.9217411325,1
05040,05040300401,126,20.425753223,050403004,7.35758306091,-74.9957448447,1
05040,05040300402,23,19.3039921125,050403004,7.32543738955,-75.0191992455,1
05040,05040300403,13,18.4316889113,050403004,7.29025269169,-75.0418609415,1
05040,05040300404,8,21.2911152823,050403004,7.29573172673,-75.001241754,1
05040,05040300405,22,13.7756121306,050403004,7.26169385364,-74.9961170398,1
05040,05040300501,0,20.6006507917,050403005,7.25757655777,-75.1004735285,1
05040,05040300502,23,28.7934510924,050403005,7.20614189073,-75.1187230044,1
05040,05040300503,29,27.5388223703,050403005,7.1641254399,-75.1236676265,1
05040,05040300601,43,22.1623095253,050403006,7.19970029979,-75.2990086473,1
05040,05040300602,65,21.0765526822,050403006,7.23845754432,-75.2507498075,1
05040,05040300603,92,21.9233941046,050403006,7.19970241669,-75.2538852211,1
05040,05040300604,45,22.3551695633,050403006,7.1503837787,-75.2851905085,1
05040,05040300605,74,24.4566937772,050403006,7.16589350663,-75.2558081983,1
05040,05040300701,93,21.5978949073,050403007,7.21637484002,-75.2192831628,1
05040,05040300702,33,25.1011233853,050403007,7.19177581978,-75.1768403385,1
05040,05040300703,46,17.5487540473,050403007,7.16577541699,-75.2138177074,1
05040,05040300704,14,24.1801724905,050403007,7.15328308779,-75.1737935616,1
05040,05040300705,23,23.6090615463,050403007,7.11737444423,-75.1801623782,1
05040,05040300801,58,21.195625393,050403008,7.23745414471,-75.0242963605,1
05040,05040300802,55,21.8018105005,050403008,7.26414731689,-74.9577977166,1
05040,05040300803,10,23.6632357762,050403008,7.22572842749,-74.9800481136,1
05040,05040300804,54,28.4670970572,050403008,7.19700755561,-75.0242974706,1
05040,05040300805,48,23.8949717721,050403008,7.16706206138,-75.0343149449,1
05040,05040300901,114,23.3729004808,050403009,7.25750440487,-75.0596046158,1
05040,05040300902,82,25.2695218921,050403009,7.22042909524,-75.0754468953,1
05040,05040300903,80,17.6827561144,050403009,7.16190100864,-75.0866985975,1
05040,05040300904,27,17.8704191495,050403009,7.12933352068,-75.1131286982,1
05040,05040301001,67,22.9331207132,050403010,7.10956746781,-75.091272624,1
05040,05040301002,54,21.9860263525,050403010,7.13381218879,-75.0454348849,1
05040,05040301003,30,20.6172714919,050403010,7.09291761792,-75.0588431309,1
05040,05040301004,15,19.4905895642,050403010,7.06428178545,-75.0823982787,1
05040,05040301005,9,21.262399063,050403010,7.04693580132,-75.1228662523,1
05040,05040301006,13,17.755871454,050403010,7.03364274822,-75.0896705389,1
05040,05040301101,111,17.7157235792,050403011,7.09652514489,-75.2391518702,1
05040,05040301102,183,22.991198464,050403011,7.11628380116,-75.2224112788,1
05040,05040301103,205,22.8699031696,050403011,7.05525612226,-75.2328929775,1
05040,05040301104,112,25.4200373265,050403011,7.07038098499,-75.191632554,1
05040,05040301105,45,21.9270030603,050403011,7.09684867989,-75.142462878,1
05040,05040301201,174,21.8586701492,050403012,7.0217209484,-75.1906896652,1
05040,05040301202,139,22.5215488982,050403012,6.99011574303,-75.2055227521,1
05040,05040301203,11,26.801866008,050403012,6.95516290883,-75.1940254142,1
05040,05040301204,287,21.3496598372,050403012,6.93312266759,-75.1697129639,1
05040,05040301205,254,24.0167666846,050403012,6.96184245255,-75.122364304,1
05040,05040301206,28,24.4567641056,050403012,7.00362771458,-75.0913801974,1
05040,05040301301,124,22.021034011,050403013,7.04281919686,-75.1496396692,1
05040,05040301302,97,29.2635530907,050403013,6.99596003531,-75.1464442907,1
05042,05042300101,94,25.1452858376,050423001,6.60857431396,-75.9893214408,1
05042,05042300102,112,30.9065902658,050423001,6.57174155372,-75.989326131,1
05042,05042300103,190,22.4331779109,050423001,6.58671743751,-75.9443074952,1
05042,05042300104,68,18.225260602,050423001,6.62555701816,-75.9074534338,1
05042,05042300105,72,22.5189527616,050423001,6.58497990179,-75.906408384,1
05042,05042300106,15,17.6889829048,050423001,6.60400102513,-75.8688552425,1
05042,05042300107,109,17.3504228971,050423001,6.65224897332,-75.8531559392,1
05042,05042300108,97,22.2399920473,050423001,6.61924961325,-75.8358224445,1
05042,05042300201,119,23.8942754196,050423002,6.58034844574,-75.8345564094,1
05042,05042300202,75,19.7758572407,050423002,6.54464338667,-75.8789534599,1
05042,05042300203,756,21.9001589315,050423002,6.54442981409,-75.8174091643,1
05042,05042300204,146,21.030651934,050423002,6.52386100872,-75.8464198432,1
05042,05042300205,126,21.8939389624,050423002,6.49774425222,-75.8650841896,1
05042,05042300301,114,29.7081222162,050423003,6.53011810972,-75.9885699003,1
05042,05042300302,6,20.0134272581,050423003,6.50477148318,-76.0074601712,1
05042,05042300303,107,23.439775629,050423003,6.55024459257,-75.9237016909,1
05042,05042300304,895,30.6511751167,050423003,6.51429949377,-75.9283179624,1
05042,05042300305,95,19.4434686861,050423003,6.47962418632,-75.9483987128,1
05042,05042300401,600,22.1945190633,050423004,6.47128868353,-75.9071343116,1
05042,05042300402,295,17.4944434412,050423004,6.42706500354,-75.9217641222,1
05042,05042300403,58,17.4056399443,050423004,6.47296641438,-75.8642958448,1
05042,05042300404,87,18.3246047287,050423004,6.43513232685,-75.8875088725,1
05042,05042300405,86,18.2644169437,050423004,6.4485192007,-75.8442050261,1
05042,05042300406,71,19.6030770751,050423004,6.41843133156,-75.8439984837,1
05044,05044300101,99,23.0289837982,050443001,6.39308460525,-75.8737964624,1
05044,05044300102,198,19.9529043599,050443001,6.3675783346,-75.8818649615,1
05044,05044300103,116,20.4197921339,050443001,6.33480198671,-75.8689928246,1
05044,05044300104,619,26.4347735265,050443001,6.33376715689,-75.9267288933,1
05044,05044300105,235,22.7213579231,050443001,6.32431118752,-75.9697175683,1
05044,05044300106,393,20.3992087824,050443001,6.30724673076,-75.9055875249,1
05044,05044300107,47,25.3783820502,050443001,6.29167819044,-75.867383555,1
05044,05044300108,176,21.6385264005,050443001,6.28143316136,-75.9807236356,1
05044,05044300109,734,21.0032174937,050443001,6.27666846634,-75.9457199958,1
05044,05044300110,970,22.9726301922,050443001,6.23903760342,-75.9393046594,1
05044,05044300111,277,31.5675631885,050443001,6.2605914050100004,-75.8888316505,1
05045,05045300101,101,15.34004579,050453001,7.91021264984,-76.705783284,1
05045,05045300102,40,21.3828725646,050453001,7.90624444741,-76.6606590749,1
05045,05045300103,10,19.1433138261,050453001,7.87890285587,-76.6628495012,1
05045,05045300106,44,1.16147463715,050453001,7.85260281795,-76.6508158657,1
05045,05045300201,5,24.6286077773,050453002,7.87716842003,-76.7188865058,1
05045,05045300202,52,0.876748868833,050453002,7.8532350394,-76.6870762408,1
05045,05045300203,267,20.5769568674,050453002,7.81670501357,-76.6779737068,1
05045,05045300204,2,13.0410926067,050453002,7.84550003282,-76.6909239154,1
05045,05045300205,3,11.2522225249,050453002,7.84764634799,-76.6647915598,1
05045,05045300206,0,0.282599507157,050453002,7.86837831361,-76.6950223289,1
05045,05045300207,0,0.302610075939,050453002,7.86303388147,-76.6779595055,1
05045,05045300208,0,0.0690254457479,050453002,7.87247118938,-76.6869896327,1
05045,05045300209,0,0.301387933268,050453002,7.87863558572,-76.6913951966,1
05045,05045300301,176,21.8486035738,050453003,7.84694403877,-76.6233529272,1
05045,05045300302,308,30.312127749,050453003,7.84996426099,-76.5730622304,1
05045,05045300303,35,19.7728019074,050453003,7.86204433598,-76.5322185419,1
05045,05045300304,194,17.8991572185,050453003,7.80779846404,-76.622186215,1
05045,05045300305,94,25.6833805021,050453003,7.81208718659,-76.5749197855,1
05045,05045300306,51,18.1422054959,050453003,7.79647972825,-76.5524615167,1
05045,05045300401,42,22.3881017753,050453004,8.00400585404,-76.472340039,1
05045,05045300402,68,19.7188499313,050453004,8.03014816395,-76.4362331802,1
05045,05045300403,7,21.5030757964,050453004,7.97011152368,-76.4653731855,1
05045,05045300404,25,15.4556487226,050453004,7.98017326056,-76.4297630081,1
05045,05045300405,28,22.2192398737,050453004,7.92711595015,-76.4593063788,1
05045,05045300406,4,14.0660612097,050453004,7.92889158065,-76.4333696482,1
05045,05045300407,7,17.1664214421,050453004,7.89016752566,-76.4762833893,1
05045,05045300501,292,20.6883857394,050453005,7.91415629355,-76.6065328949,1
05045,05045300502,57,20.4891797883,050453005,7.9226690058,-76.5706541262,1
05045,05045300503,212,20.4534019251,050453005,7.88567145764,-76.5782120657,1
05045,05045300504,61,24.3624533745,050453005,7.91256685201,-76.5339262795,1
05045,05045300505,21,25.6754166976,050453005,7.95623744103,-76.5173816768,1
05045,05045300506,10,20.6564341538,050453005,7.92235985784,-76.4971247345,1
05051,05051300101,88,20.2104677445,050513001,8.81336850514,-76.4567098708,1
05051,05051300102,748,25.2573120841,050513001,8.80186693579,-76.4320590464,1
05051,05051300103,353,28.9684668193,050513001,8.81128503038,-76.4063425488,1
05051,05051300104,119,27.6891232847,050513001,8.74553585248,-76.4320463002,1
05051,05051300105,18,6.69107180403,050513001,8.78259186534,-76.4586633128,1
05051,05051300106,32,0.207418411681,050513001,8.79274851166,-76.4050027513,1
05051,05051300201,81,20.4541483248,050513002,8.70921275036,-76.4067559099,1
05051,05051300202,98,14.6107498169,050513002,8.68588756517,-76.446111486,1
05051,05051300203,129,21.3451035596,050513002,8.6640165898,-76.4130616613,1
05051,05051300204,115,27.0479628685,050513002,8.68320777535,-76.3757636416,1
05051,05051300205,78,25.20241952,050513002,8.63474115075,-76.369219498,1
05051,05051300206,5,15.9441230424,050513002,8.60127739854,-76.3522061275,1
05051,05051300301,74,25.5934915036,050513003,8.6532736586,-76.4801847587,1
05051,05051300302,137,23.6597550961,050513003,8.61289888661,-76.4942076622,1
05051,05051300303,101,21.5788801683,050513003,8.61158836857,-76.4592131954,1
05051,05051300304,69,24.7273762181,050513003,8.6147717121,-76.4333788956,1
05051,05051300305,144,25.9536113124,050513003,8.58779145149,-76.5442241152,1
05051,05051300401,119,24.4437116542,050513004,8.60506833612,-76.4080695912,1
05051,05051300402,168,23.8925204413,050513004,8.55459939744,-76.4105511216,1
05051,05051300403,114,24.25400584,050513004,8.51647228634,-76.393417646,1
05051,05051300404,194,33.5846386854,050513004,8.47336302679,-76.4353839036,1
05051,05051300501,51,17.18836778,050513005,8.56855699849,-76.3754100935,1
05051,05051300502,111,18.7089351139,050513005,8.51568831566,-76.3591466345,1
05051,05051300503,32,22.6439541388,050513005,8.47260318356,-76.3399398062,1
05051,05051300504,92,14.6242812069,050513005,8.4700025927,-76.3791271462,1
05051,05051300601,25,18.6656511876,050513006,8.6198567387,-76.3241787068,1
05051,05051300602,177,18.8470270846,050513006,8.63311330885,-76.2918109552,1
05051,05051300603,106,19.9328603448,050513006,8.57939251808,-76.3117527289,1
05051,05051300604,203,12.4263783146,050513006,8.60565300594,-76.2773258503,1
05051,05051300605,27,15.6810699816,050513006,8.5657753593,-76.3494532654,1
05051,05051300606,23,18.0356050929,050513006,8.51819247575,-76.3301369091,1
05051,05051300701,82,15.1349574191,050513007,8.58286499317,-76.5070262901,1
05051,05051300702,67,21.1905749757,050513007,8.54341621235,-76.5122901103,1
05051,05051300703,98,22.4984090984,050513007,8.53796936469,-76.4820827032,1
05051,05051300704,126,24.0865730972,050513007,8.54851021801,-76.4506751926,1
05051,05051300705,110,30.214178554,050513007,8.49509712811,-76.4565468622,1
05055,05055300101,94,23.8864171862,050553001,5.72652802329,-75.1897220808,1
05055,05055300102,185,22.6211722011,050553001,5.69057614341,-75.1887434957,1
05055,05055300103,119,20.4721880135,050553001,5.66826653663,-75.1725205637,1
05055,05055300201,395,17.412962442,050553002,5.74256443868,-75.1180314995,1
05055,05055300202,177,23.0658601236,050553002,5.72521275152,-75.0774594616,1
05055,05055300203,350,18.4698374423,050553002,5.70631827608,-75.1415471768,1
05055,05055300204,145,15.8975566242,050553002,5.70071302542,-75.1075188086,1
05055,05055300205,34,23.9161092972,050553002,5.68965198407,-75.0482052997,1
05055,05055300206,155,22.3506221601,050553002,5.67458283961,-75.1020072349,1
05055,05055300301,19,21.3148163117,050553003,5.71845370648,-75.0306960114,1
05055,05055300302,5,18.424986738,050553003,5.72509174719,-74.9916397365,1
05055,05055300303,25,16.8035511801,050553003,5.74224273882,-74.9232701778,1
05059,05059300101,20,19.6309133586,050593001,6.21530838342,-75.8304630667,1
05059,05059300102,149,25.3669570719,050593001,6.16850524105,-75.8270365222,1
05059,05059300103,225,20.4375453154,050593001,6.17639792088,-75.782679156,1
05059,05059300104,45,21.3346447648,050593001,6.11874521221,-75.8281983482,1
05059,05059300105,365,23.2766443006,050593001,6.14506526035,-75.7816154246,1
05079,05079300101,681,6.12573876248,050793001,6.42420364585,-75.4203802486,1
05079,05079300102,151,4.69841926022,050793001,6.42188585785,-75.3812527613,1
05079,05079300103,135,5.10172295988,050793001,6.47499958951,-75.319956928,1
05079,05079300104,331,4.75137310995,050793001,6.48268549122,-75.2854950935,1
05079,05079300105,517,4.87957283419,050793001,6.41828298142,-75.4286785543,1
05079,05079300106,244,4.66583995711,050793001,6.43190926358,-75.409527139,1
05079,05079300107,108,4.5340236799,050793001,6.42936597669,-75.3948141919,1
05079,05079300109,63,3.94171581424,050793001,6.44381136097,-75.3799311336,1
05079,05079300110,252,5.6741332358,050793001,6.43148403461,-75.3635678792,1
05079,05079300112,246,5.42385177384,050793001,6.4577148071,-75.3628247064,1
05079,05079300113,132,4.83963270071,050793001,6.47381127894,-75.3546374666,1
05079,05079300114,66,5.14441661995,050793001,6.49333068402,-75.33690276,1
05079,05079300115,294,5.73766059761,050793001,6.46922318426,-75.3360632762,1
05079,05079300116,211,4.42429668588,050793001,6.45734395877,-75.325280819,1
05079,05079300117,84,5.8425391940800004,050793001,6.49324290097,-75.31146937,1
05079,05079300118,256,5.04414837938,050793001,6.49768307849,-75.2932771153,1
05079,05079300119,421,5.88759509696,050793001,6.47146712653,-75.3035281353,1
05079,05079300120,251,5.71044586424,050793001,6.44432626992,-75.3504330228,1
05079,05079300201,274,5.93434711537,050793002,6.49607581399,-75.2543519976,1
05079,05079300202,191,5.86202937339,050793002,6.4842884118,-75.2331978612,1
05079,05079300203,329,5.06708249051,050793002,6.44588094535,-75.3052205742,1
05079,05079300204,343,4.46651026064,050793002,6.41809554325,-75.3480518346,1
05079,05079300205,729,5.5174811132,050793002,6.3997827561,-75.3941768993,1
05079,05079300206,247,4.30307316302,050793002,6.47968853516,-75.2539374949,1
05079,05079300207,137,5.83782601318,050793002,6.46499718468,-75.2514827839,1
05079,05079300208,131,4.99045497058,050793002,6.46636760097,-75.2727218067,1
05079,05079300209,44,4.30382399314,050793002,6.44765295168,-75.2531543898,1
05079,05079300210,97,3.6512117287,050793002,6.44621904401,-75.2669433685,1
05079,05079300211,102,5.01571271373,050793002,6.43567810524,-75.2715733383,1
05079,05079300212,243,4.72280361829,050793002,6.44848329797,-75.2884710588,1
05079,05079300213,120,4.70197705111,050793002,6.4266087534,-75.2884930461,1
05079,05079300214,137,3.97562192282,050793002,6.41662135981,-75.2955578911,1
05079,05079300215,64,5.97407996448,050793002,6.40389896145,-75.3108449547,1
05079,05079300216,176,5.3878917274300004,050793002,6.4274871838,-75.3167352695,1
05079,05079300217,274,5.01665955406,050793002,6.42005723536,-75.3298602564,1
05079,05079300218,114,4.54649879553,050793002,6.40409125316,-75.3374776804,1
05079,05079300219,402,5.09022521366,050793002,6.40212334179,-75.3602682999,1
05079,05079300220,354,3.63826737195,050793002,6.39085321775,-75.3715043759,1
05079,05079300221,519,5.50865926513,050793002,6.39115450059,-75.3819723816,1
05079,05079300222,501,5.67498349181,050793002,6.38404487415,-75.4031103044,1
05086,05086300101,63,18.3283403742,050863001,6.74863059784,-75.6566474257,1
05086,05086300102,77,20.7088785124,050863001,6.76294222193,-75.6252199959,1
05086,05086300103,37,20.244458635,050863001,6.70951692883,-75.6635933228,1
05086,05086300104,77,16.4947390044,050863001,6.7133038963,-75.6172622878,1
05086,05086300105,46,20.4689393483,050863001,6.68306247671,-75.6295130597,1
05086,05086300201,1,22.3883726814,050863002,6.75219402624,-75.704758348,1
05086,05086300202,5,20.8420390302,050863002,6.70111374736,-75.6992615885,1
05086,05086300203,1,22.212600376,050863002,6.67057472767,-75.671414711,1
05086,05086300204,19,22.2820392416,050863002,6.63957578209,-75.6914053479,1
05086,05086300301,152,19.6816323335,050863003,6.59498816146,-75.6780985239,1
05086,05086300302,57,23.6247396128,050863003,6.60389218191,-75.644039911,1
05086,05086300303,238,20.8654990342,050863003,6.55442513632,-75.6473640672,1
05086,05086300304,256,19.6850927334,050863003,6.55814852885,-75.6112601352,1
05086,05086300305,336,27.4570667717,050863003,6.52095690593,-75.6125792187,1
05088,05088300101,54,4.12918922011,050883001,6.38999903722,-75.6552120128,1
05088,05088300102,336,5.11525141388,050883001,6.33603432805,-75.614214075,1
05088,05088300103,270,4.65004718703,050883001,6.37913858668,-75.635575944,1
05088,05088300104,49,4.37333765004,050883001,6.37178109381,-75.6553535177,1
05088,05088300105,140,4.72228728812,050883001,6.36539172391,-75.6346531113,1
05088,05088300106,439,5.19702522408,050883001,6.35055959032,-75.6241562662,1
05088,05088300107,21,5.77967008799,050883001,6.34983698006,-75.6453251313,1
05088,05088300108,162,5.55491378543,050883001,6.32853494677,-75.6326587475,1
05088,05088300109,262,4.67808580015,050883001,6.31863524283,-75.6102945776,1
05088,05088300201,249,5.05223154603,050883002,6.41977263588,-75.5857197655,1
05088,05088300202,163,4.43475744171,050883002,6.40271411779,-75.5702343616,1
05088,05088300203,122,5.17468027003,050883002,6.39791777887,-75.5872970393,1
05088,05088300204,289,3.92640936032,050883002,6.31414068153,-75.5376661163,1
05088,05088300205,361,3.94759545414,050883002,6.32244501667,-75.5910352782,1
05088,05088300206,528,4.90151807614,050883002,6.37682693888,-75.6125174464,1
05088,05088300207,333,4.84354269675,050883002,6.40382717465,-75.6035888915,1
05088,05088300208,297,4.89624177738,050883002,6.37855985167,-75.595088484,1
05088,05088300209,263,5.22718575659,050883002,6.38184593637,-75.5756886412,1
05088,05088300210,113,5.58984971826,050883002,6.37401199962,-75.5628331804,1
05088,05088300211,41,4.87680672396,050883002,6.3601536065,-75.5519852834,1
05088,05088300212,5,4.06567424582,050883002,6.37318025861,-75.5416614755,1
05088,05088300213,279,5.79188308416,050883002,6.36426476635,-75.5284157188,1
05088,05088300214,202,5.0882279009,050883002,6.36299042391,-75.5917123517,1
05088,05088300215,344,5.84661655969,050883002,6.34930333191,-75.5966937169,1
05088,05088300216,424,4.57717230091,050883002,6.33341111053,-75.583456373,1
05088,05088300217,169,0.710246289339,050883002,6.29298126721,-75.5261188395,1
05091,05091300101,527,19.8681336163,050913001,5.76853094538,-75.9736724656,1
05091,05091300102,195,21.9314273272,050913001,5.73920957994,-76.0082854032,1
05091,05091300103,0,16.1181533331,050913001,5.74101568997,-76.0521202337,1
05091,05091300201,287,18.5982735736,050913002,5.75375013425,-75.9453877207,1
05091,05091300202,307,22.279739133,050913002,5.72694231594,-75.9064095653,1
05091,05091300203,338,20.4328774729,050913002,5.7180806533,-75.943472761,1
05091,05091300204,344,25.3866068326,050913002,5.70355150358,-75.992771666,1
05091,05091300205,5,23.636743656,050913002,5.69773395179,-76.0328496695,1
05091,05091300206,0,11.8181308593,050913002,5.69817029254,-76.068408337,1
05093,05093300101,609,21.1499235706,050933001,6.254348356,-76.020692638,1
05093,05093300102,704,18.9192710136,050933001,6.219174542,-76.0161356976,1
05093,05093300103,691,17.2689223905,050933001,6.23149318953,-75.980978655,1
05093,05093300104,591,25.1519372778,050933001,6.20884398342,-75.9304421848,1
05093,05093300105,18,26.2075638363,050933001,6.22016873707,-75.8755541709,1
05093,05093300201,915,24.6963305741,050933002,6.18656159784,-76.0028271482,1
05093,05093300202,440,24.7961978812,050933002,6.17603679021,-75.9577780684,1
05093,05093300203,482,11.5139875815,050933002,6.15098178311,-76.0021185014,1
05093,05093300204,514,20.3462880797,050933002,6.11279098892,-75.9947342181,1
05093,05093300301,479,18.6655311714,050933003,6.12048326753,-75.9662404854,1
05093,05093300302,212,19.9675833811,050933003,6.14528824552,-75.9339470866,1
05093,05093300303,65,18.6051059597,050933003,6.18433865917,-75.8944747318,1
05093,05093300304,30,14.2567220512,050933003,6.17486245822,-75.8720262318,1
05101,05101300101,157,19.4680889732,051013001,5.90105005973,-76.0480160676,1
05101,05101300103,216,15.5137319321,051013001,5.85040334904,-76.0826575515,1
05101,05101300104,272,20.3156419229,051013001,5.86935995142,-76.0423702968,1
05101,05101300201,179,22.7165106108,051013002,5.82930792287,-76.0451225719,1
05101,05101300202,280,20.004878629,051013002,5.81756972074,-76.0061432163,1
05101,05101300203,35,11.1589012365,051013002,5.80538852952,-76.0665107686,1
05101,05101300204,50,13.9299048055,051013002,5.7827370378,-76.0569521375,1
05101,05101300205,433,30.9798123522,051013002,5.78355812752,-76.0087002208,1
05101,05101300206,57,0.75029072176,051013002,5.84367395422,-76.0458517547,1
05101,05101300301,188,21.5789186479,051013003,5.88190435721,-76.0061393762,1
05101,05101300302,146,18.2194139167,051013003,5.84673459895,-75.984020808,1
05101,05101300303,277,23.0530470691,051013003,5.86510278479,-75.965902451,1
05101,05101300304,253,22.7159133562,051013003,5.87112600136,-75.9429205577,1
05101,05101300305,109,21.7310967514,051013003,5.82006159671,-75.9364146626,1
05107,05107300101,138,24.3685641078,051073001,7.21797850718,-75.4842525468,1
05107,05107300102,133,21.0252491856,051073001,7.187032861,-75.5151914888,1
05107,05107300103,128,19.1411210542,051073001,7.18191976054,-75.5562935478,1
05107,05107300104,73,15.5504733643,051073001,7.16728615493,-75.4873359027,1
05107,05107300105,55,16.2506219664,051073001,7.14848122316,-75.5211795153,1
05107,05107300201,343,23.6726441394,051073002,7.15890313658,-75.5858575035,1
05107,05107300202,138,19.9971444575,051073002,7.12999164567,-75.6127222438,1
05107,05107300203,235,20.9881886425,051073002,7.12873351018,-75.5632228317,1
05107,05107300204,63,18.3299827063,051073002,7.1154187356,-75.6482870203,1
05107,05107300205,110,19.6793763013,051073002,7.09344811729,-75.6091181404,1
05107,05107300301,157,24.9193844521,051073003,7.07363008291,-75.6606713005,1
05107,05107300302,121,18.7982368352,051073003,7.05358115455,-75.633761381,1
05107,05107300303,38,24.7085232725,051073003,7.04571983492,-75.5739482121,1
05107,05107300304,157,23.7444007879,051073003,7.0953754595,-75.5606344873,1
05107,05107300401,87,21.6649710053,051073004,7.10168247807,-75.5138114357,1
05107,05107300402,128,20.5415878779,051073004,7.07003064528,-75.5392914939,1
05107,05107300403,61,22.0511740399,051073004,7.04462113813,-75.5063057951,1
05107,05107300404,24,20.2077289772,051073004,7.01807842426,-75.5353780759,1
05113,05113300101,19,18.2951395859,051133001,6.9511561213,-75.9318622208,1
05113,05113300102,31,20.08592383,051133001,6.90365328026,-75.9524093222,1
05113,05113300103,107,19.7616639965,051133001,6.91705518296,-75.907941383,1
05113,05113300104,71,17.0609282331,051133001,6.8883014041,-75.921126874,1
05113,05113300105,149,19.1840375758,051133001,6.87788768335,-75.8758259189,1
05113,05113300201,140,23.449250674400002,051133002,6.84701903533,-75.9418890295,1
05113,05113300202,114,21.1423058754,051133002,6.79932565622,-75.9681636921,1
05113,05113300203,221,22.5554496748,051133002,6.79579516572,-75.9292035728,1
05113,05113300204,231,19.1853037416,051133002,6.85064552999,-75.9036544644,1
05113,05113300205,18,18.1413720731,051133002,6.80440996591,-75.8983941103,1
05113,05113300206,18,23.3594402019,051133002,6.82912950478,-75.8699832674,1
05113,05113300301,155,22.8954323414,051133003,6.75595918152,-75.9520417334,1
05113,05113300302,348,22.1528851188,051133003,6.73342557157,-75.9274800157,1
05113,05113300303,96,21.1117802019,051133003,6.76183555517,-75.8901882892,1
05113,05113300304,394,18.4900627295,051133003,6.70484345648,-75.9030995037,1
05113,05113300305,34,21.2894185136,051133003,6.73215760372,-75.8707141453,1
05113,05113300306,49,26.535510857,051133003,6.68159626766,-75.8678506538,1
05120,05120300102,2,17.2879437806,051203001,7.88744507775,-75.3162781919,1
05120,05120300103,1,7.78162298923,051203001,7.89128501382,-75.2908973408,1
05120,05120300104,37,27.0563083731,051203001,7.85705158796,-75.3432171853,1
05120,05120300105,19,23.6201142784,051203001,7.8189867923,-75.3488623408,1
05120,05120300106,5,20.6593485137,051203001,7.842313255,-75.3007960919,1
05120,05120300201,21,20.3904563165,051203002,7.93266275345,-75.2061086497,1
05120,05120300202,12,20.6545319157,051203002,7.90452672794,-75.2241071064,1
05120,05120300203,5,20.1187049315,051203002,7.87618582638,-75.2506132997,1
05120,05120300204,29,22.2973136695,051203002,7.84870019163,-75.2505758699,1
05120,05120300205,13,21.3543183455,051203002,7.81697897772,-75.2540598958,1
05120,05120300206,22,20.0128355588,051203002,7.81742340324,-75.2083902453,1
05120,05120300301,7,18.2239385152,051203003,7.8014261013,-75.2947565818,1
05120,05120300302,18,17.5761124634,051203003,7.77648549283,-75.3184484808,1
05120,05120300303,8,23.0034649501,051203003,7.7324998889,-75.325334644,1
05120,05120300304,8,19.9749757994,051203003,7.7443863609,-75.2924086218,1
05120,05120300305,424,25.6453782438,051203003,7.76460314936,-75.2622642678,1
05120,05120300306,23,20.8552598831,051203003,7.78290178776,-75.2295255352,1
05120,05120300401,17,11.9632043382,051203004,7.80905650158,-75.4482808931,1
05120,05120300402,16,30.0365058423,051203004,7.83045608914,-75.3992362883,1
05120,05120300403,13,21.5668947634,051203004,7.76436499957,-75.4564732923,1
05120,05120300404,15,20.6037781322,051203004,7.79259256437,-75.4038671088,1
05120,05120300501,10,20.6392871075,051203005,7.78105316592,-75.3573572411,1
05120,05120300502,12,18.9636821896,051203005,7.7593866057,-75.4065443824,1
05120,05120300503,12,17.8500365208,051203005,7.74472357659,-75.3728856475,1
05120,05120300504,6,19.8398695218,051203005,7.72407707428,-75.4301046193,1
05120,05120300505,6,19.6590189556,051203005,7.7153220386,-75.3854251509,1
05120,05120300601,3,18.792286266,051203006,7.68589717632,-75.4215389788,1
05120,05120300602,0,18.3456638638,051203006,7.65723093728,-75.4127673061,1
05120,05120300603,2,16.7896770599,051203006,7.68465012241,-75.3720347676,1
05120,05120300604,1,19.0126576463,051203006,7.70630001989,-75.3401116942,1
05120,05120300605,31,20.9082612189,051203006,7.69376526647,-75.2971078655,1
05120,05120300701,2,19.3929753494,051203007,7.65221643819,-75.3652245057,1
05120,05120300702,113,22.981040944,051203007,7.65955263254,-75.3144412809,1
05120,05120300703,34,18.7847569615,051203007,7.62122146565,-75.3424218732,1
05120,05120300704,65,19.4010375652,051203007,7.6208712358,-75.306508781,1
05120,05120300705,91,19.6730890468,051203007,7.58129050043,-75.3416698723,1
05120,05120300706,78,31.1146496642,051203007,7.56754048021,-75.3058407719,1
05120,05120300801,114,20.4535566624,051203008,7.88802112552,-75.1935473278,1
05120,05120300802,64,20.2827168514,051203008,7.84882469729,-75.1851669261,1
05120,05120300803,5,18.2169781729,051203008,7.78906185383,-75.1789048436,1
05120,05120300804,14,22.4459691667,051203008,7.75189507193,-75.1707342175,1
05120,05120300805,36,25.9544616091,051203008,7.76650393268,-75.1328843791,1
05120,05120300806,32,19.8897843152,051203008,7.76183110466,-75.1049667456,1
05120,05120300807,63,30.6717599981,051203008,7.75137428237,-75.0659470781,1
05120,05120300901,15,27.0377929003,051203009,7.73654911227,-75.2256660778,1
05120,05120300902,29,28.4715616378,051203009,7.71385020553,-75.2024212369,1
05120,05120300903,8,19.4448613409,051203009,7.68977188063,-75.1796233703,1
05120,05120300904,48,22.7290265633,051203009,7.65803163169,-75.1740474738,1
05120,05120301001,12,20.2633579713,051203010,7.72002343126,-75.1379332039,1
05120,05120301002,48,26.2344383727,051203010,7.6987179998,-75.1012089022,1
05120,05120301003,88,20.6720551411,051203010,7.6672298441,-75.1319624239,1
05120,05120301004,12,17.5264768419,051203010,7.63721531445,-75.1223043995,1
05120,05120301101,9,13.2746229675,051203011,7.7093493071,-75.0394262717,1
05120,05120301102,34,26.2938309813,051203011,7.68395975537,-75.0553858609,1
05120,05120301103,42,31.3649625652,051203011,7.6515171722,-75.0739925505,1
05120,05120301104,75,17.2658489297,051203011,7.61264954156,-75.0679770092,1
05120,05120301105,26,19.8436670478,051203011,7.58200184603,-75.0556185278,1
05120,05120301201,10,17.3623162385,051203012,7.69829436723,-75.2624815041,1
05120,05120301202,21,25.0642530216,051203012,7.64258654378,-75.2665505438,1
05120,05120301203,64,28.2632512034,051203012,7.6677454801,-75.2264523723,1
05120,05120301204,37,21.7193551496,051203012,7.59745456453,-75.2652370812,1
05120,05120301205,75,28.3721188119,051203012,7.61705379397,-75.2253668883,1
05120,05120301301,32,22.7756916223,051203013,7.6041848972,-75.1334780775,1
05120,05120301302,150,24.194557172,051203013,7.61209615031,-75.168782865,1
05120,05120301303,190,24.4629103068,051203013,7.58320739394,-75.1952925934,1
05120,05120301304,91,22.5780696594,051203013,7.55819805129,-75.2073135897,1
05120,05120301401,27,25.0061215737,051203014,7.58428759091,-75.0950980626,1
05120,05120301402,58,26.8915573066,051203014,7.56134121608,-75.1375054994,1
05120,05120301501,29,16.8694314032,051203015,7.55336655537,-75.2719966503,1
05120,05120301502,43,18.796339544,051203015,7.54290166331,-75.2307679173,1
05120,05120301503,1,20.7301395595,051203015,7.51432778056,-75.2393733145,1
05120,05120301504,5,24.2486669064,051203015,7.47342959624,-75.2329517508,1
05120,05120301601,17,17.8781031103,051203016,7.53636550885,-75.0885733161,1
05120,05120301602,26,22.5830709032,051203016,7.49595916426,-75.1023905906,1
05120,05120301603,61,21.7377889811,051203016,7.52792897786,-75.1481544936,1
05120,05120301604,1,23.681336826,051203016,7.49508543805,-75.1975891136,1
05120,05120301605,75,22.2439559875,051203016,7.49290540815,-75.1668535261,1
05120,05120301606,80,19.9210498539,051203016,7.47937093295,-75.1246474779,1
05120,05120301702,0,20.1205224918,051203017,7.4613376881,-75.0608782906,1
05120,05120301703,56,29.3789262756,051203017,7.43060639502,-75.0219390078,1
05120,05120301801,3,23.8942621682,051203018,7.43759344872,-75.1889029859,1
05120,05120301802,80,22.4830193876,051203018,7.44616359516,-75.1503396628,1
05120,05120301803,0,20.5768336967,051203018,7.38865996334,-75.1853159626,1
05120,05120301804,9,17.040785711,051203018,7.40336010841,-75.153747005,1
05120,05120301901,32,19.5240817604,051203019,7.40437018798,-75.126788925,1
05120,05120301902,105,22.5337073335,051203019,7.42611546211,-75.1024683186,1
05120,05120301903,14,16.839436418,051203019,7.43073857599,-75.0733010013,1
05125,05125300101,9,19.2446539905,051253001,6.48325240843,-76.0447674609,1
05125,05125300102,213,21.2987431774,051253001,6.47110571078,-75.9991864371,1
05125,05125300103,35,21.4794801806,051253001,6.45664687681,-76.0495939466,1
05125,05125300104,339,20.0141291633,051253001,6.44970251688,-75.9667678317,1
05125,05125300105,356,21.3935346664,051253001,6.42828413434,-76.0020254348,1
05125,05125300201,145,21.6712048468,051253002,6.40067674767,-76.0179396706,1
05125,05125300202,210,26.172938058,051253002,6.37731515603,-75.990425320400007,1
05125,05125300203,365,24.873703537,051253002,6.40513628547,-75.9423366029,1
05125,05125300204,266,23.8178165798,051253002,6.36694359022,-75.9459882135,1
05129,05129300101,146,4.25814489473,051293001,6.09847393824,-75.6479532426,1
05129,05129300102,164,5.17422956251,051293001,6.09518079397,-75.6219023046,1
05129,05129300103,21,5.43854489111,051293001,6.05574520226,-75.6110654267,1
05129,05129300104,117,4.42582611779,051293001,6.0368891078,-75.6214917292,1
05129,05129300105,9,4.50567823166,051293001,6.10444581094,-75.6697965446,1
05129,05129300106,400,4.4474871544,051293001,6.06400268044,-75.6516593885,1
05129,05129300107,30,5.39415646478,051293001,6.07731630798,-75.6637073142,1
05129,05129300108,70,4.49248163855,051293001,6.08600074377,-75.6535552578,1
05129,05129300109,38,4.30483009765,051293001,6.10865478023,-75.602380099,1
05129,05129300110,45,4.41318209545,051293001,6.10071428281,-75.5915219697,1
05129,05129300111,31,4.44566474225,051293001,6.09021446145,-75.5940620007,1
05129,05129300112,10,5.35163728469,051293001,6.07686848465,-75.6005735562,1
05129,05129300113,25,5.99396136411,051293001,6.07050375804,-75.6185267568,1
05129,05129300114,2,5.24056480082,051293001,6.0488994554,-75.5873101717,1
05129,05129300115,54,5.59048578084,051293001,6.04102243005,-75.6034608256,1
05129,05129300116,2,4.2557388423,051293001,6.02832138137,-75.5814752786,1
05129,05129300117,1,5.97192944116,051293001,6.01958380802,-75.6001111388,1
05129,05129300118,1,4.76990156699,051293001,6.0007623566,-75.6093806805,1
05129,05129300119,42,5.69504944662,051293001,6.02472792144,-75.6392977725,1
05129,05129300120,131,5.8322966251,051293001,6.00471158655,-75.6555584817,1
05129,05129300121,106,5.84292141608,051293001,6.01215054818,-75.6322277599,1
05129,05129300122,5,4.94661736042,051293001,5.99691898059,-75.6221612226,1
05129,05129300123,241,5.9065960239,051293001,6.04254476436,-75.6677542694,1
05129,05129300124,108,5.71224481237,051293001,6.04134598577,-75.6524515641,1
05129,05129300125,110,5.01184644804,051293001,6.04746595054,-75.6380459396,1
05129,05129300126,5,0.068076956371,051293001,6.10892279956,-75.6387660047,1
05134,05134300101,59,20.287283932,051343001,7.14639283571,-75.3143851113,1
05134,05134300102,3,23.2207253635,051343001,7.09063881941,-75.3133814779,1
05134,05134300103,145,25.3888585662,051343001,7.09709809252,-75.2797577971,1
05134,05134300104,288,20.7882818359,051343001,7.05332889096,-75.2787223399,1
05134,05134300105,44,9.43539857495,051343001,7.04892068811,-75.3236040593,1
05134,05134300106,18,16.3053822494,051343001,7.01891829493,-75.3320378949,1
05134,05134300201,253,26.4272876464,051343002,6.96866744745,-75.3338629021,1
05134,05134300202,145,21.0624986884,051343002,7.01703311132,-75.2979033191,1
05134,05134300203,593,22.4488647208,051343002,6.98985090832,-75.2807450323,1
05134,05134300204,219,20.201977796,051343002,7.01640112761,-75.2452058317,1
05134,05134300205,273,24.841529789,051343002,6.96453102309,-75.2406083836,1
05138,05138300101,284,23.374642526,051383001,6.75560212459,-76.0015465179,1
05138,05138300102,236,20.6917926852,051383001,6.72552066974,-76.0313759271,1
05138,05138300103,189,20.9220398781,051383001,6.71848534489,-75.9864228534,1
05138,05138300104,37,27.07075837,051383001,6.67695109982,-76.0151912716,1
05138,05138300201,116,22.6797855693,051383002,6.80848161474,-76.0877292118,1
05138,05138300202,215,23.7665612377,051383002,6.78779564353,-76.0252906446,1
05138,05138300203,374,22.9821025009,051383002,6.7617630569,-76.0621458782,1
05138,05138300301,143,23.0687191631,051383003,6.8966585119,-76.037083634,1
05138,05138300302,161,25.6155991794,051383003,6.8770284168,-76.0729795953,1
05138,05138300303,270,25.6323688342,051383003,6.83863965062,-76.0866237131,1
05138,05138300304,356,22.5633888537,051383003,6.82565923009,-76.0351807204,1
05138,05138300305,39,26.144113885,051383003,6.82472400016,-75.9925753924,1
05138,05138300401,4,21.7392751058,051383004,6.9405086892,-75.9733297476,1
05138,05138300402,59,22.939624432,051383004,6.90480392622,-75.9941854057,1
05138,05138300403,4,16.0996741565,051383004,6.86364474114,-75.9818569559,1
05138,05138300404,78,18.3994991107,051383004,6.86368166102,-76.0221140281,1
05138,05138300405,0,0.0206531613171,051383004,6.92273175645,-76.0311597372,1
05142,05142300101,113,25.1997184404,051423001,6.4313985589,-74.8108832748,1
05142,05142300102,132,21.5310926982,051423001,6.40531236212,-74.7650802459,1
05142,05142300103,112,25.5920554978,051423001,6.3761885605,-74.7845642031,1
05142,05142300201,50,18.6711641436,051423002,6.37169363747,-74.7083194429,1
05142,05142300202,38,21.3535995417,051423002,6.35868331484,-74.7352938016,1
05142,05142300203,28,16.9193945498,051423002,6.33009099563,-74.7484802811,1
05142,05142300204,36,17.5203363979,051423002,6.31572218269,-74.7724655735,1
05142,05142300301,50,25.6430805487,051423003,6.26689800317,-74.7421883066,1
05142,05142300302,60,25.0903575317,051423003,6.29330336378,-74.7206370698,1
05142,05142300303,34,22.5616644805,051423003,6.32265843249,-74.6931289819,1
05142,05142300304,34,23.0368605291,051423003,6.30704177213,-74.6530290337,1
05142,05142300305,29,19.1423377679,051423003,6.26728393482,-74.6513900055,1
05145,05145300101,84,21.6180512542,051453001,5.54225337838,-75.6762479713,1
05145,05145300102,188,19.6513640168,051453001,5.56783124746,-75.6554369402,1
05145,05145300103,478,26.2939983243,051453001,5.53850558125,-75.6035498482,1
05145,05145300104,400,23.4937556186,051453001,5.57579002298,-75.5978253558,1
05145,05145300105,0,0.393573773267,051453001,5.53157208951,-75.697994921,1
05147,05147300101,7,24.2665045202,051473001,7.84033435846,-76.7882894598,1
05147,05147300102,40,20.5097066604,051473001,7.80745370305,-76.800011908,1
05147,05147300103,247,22.9591838442,051473001,7.76877941229,-76.7817760466,1
05147,05147300104,178,31.6007760765,051473001,7.85083487705,-76.749981502,1
05147,05147300105,26,26.2254479509,051473001,7.80037088477,-76.7486350959,1
05147,05147300106,35,28.4174059594,051473001,7.7872036418,-76.7154438998,1
05147,05147300107,454,26.4905368462,051473001,7.74377079698,-76.7114777871,1
05147,05147300108,210,24.0017171106,051473001,7.77671968547,-76.6802520433,1
05147,05147300109,186,20.1808347255,051473001,7.73298636374,-76.6510376968,1
05147,05147300110,281,19.3118423311,051473001,7.77217818744,-76.6353230821,1
05147,05147300111,1,19.0785024936,051473001,7.77151082216,-76.5993927639,1
05147,05147300112,10,22.7872676067,051473001,7.74130956078,-76.5705949451,1
05147,05147300113,24,23.3168748544,051473001,7.77362627388,-76.5398764769,1
05147,05147300114,123,25.8932399019,051473001,7.7587671166,-76.504041958,1
05147,05147300115,24,22.5959855472,051473001,7.81451537633,-76.5029168747,1
05147,05147300116,45,25.8897387412,051473001,7.85620598604,-76.4909519361,1
05147,05147300117,1,0.334701869686,051473001,7.72812340923,-76.5688926812,1
05148,05148300101,2701,22.3708669804,051483001,6.10326724439,-75.3635831511,1
05148,05148300102,2115,20.5819370271,051483001,6.10331524131,-75.3140351289,1
05148,05148300103,2840,24.9148877238,051483001,6.06083278347,-75.3557626345,1
05148,05148300104,1232,21.0789807046,051483001,6.0625960544,-75.2956324423,1
05148,05148300105,1006,20.2366804986,051483001,6.03793222378,-75.3192337928,1
05148,05148300106,233,23.111633941,051483001,6.03248964793,-75.2519084854,1
05148,05148300201,548,23.4836365616,051483002,6.00688858973,-75.3109363807,1
05148,05148300202,251,21.8457548759,051483002,5.97162710464,-75.2981264223,1
05148,05148300203,71,18.1265188152,051483002,5.99581751436,-75.2692070304,1
05148,05148300204,53,27.430822652,051483002,5.9420810846,-75.2612234604,1
05148,05148300205,48,23.4958820204,051483002,5.96969724586,-75.2327366048,1
05148,05148300206,255,22.0010338413,051483002,5.99551610407,-75.2128554832,1
05148,05148300301,32,26.4582279758,051483003,5.89521029951,-75.2684845352,1
05148,05148300302,10,20.7117768569,051483003,5.84418391664,-75.2523916545,1
05148,05148300303,42,27.626225641,051483003,5.8925043031,-75.2292706741,1
05148,05148300401,57,13.296221196,051483004,5.95525309142,-75.1949354065,1
05148,05148300402,51,20.1389266469,051483004,5.92347859486,-75.1882022386,1
05148,05148300403,63,28.4667474987,051483004,5.88864811609,-75.1886098492,1
05150,05150300101,2,16.6121780213,051503001,6.75551750978,-75.3476082065,1
05150,05150300102,103,23.221682134,051503001,6.72767295307,-75.319287551,1
05150,05150300103,92,24.9873818148,051503001,6.75196305052,-75.2769902264,1
05150,05150300104,127,21.7463728919,051503001,6.70213152427,-75.2844704678,1
05150,05150300201,1,6.84631989667,051503002,6.77782743043,-75.368195399,1
05150,05150300202,11,16.0879132047,051503002,6.78683939459,-75.3357236209,1
05150,05150300203,23,20.3502342968,051503002,6.77972165164,-75.3053037507,1
05150,05150300204,81,18.121389168,051503002,6.79350066401,-75.2687388129,1
05154,05154300101,17,16.22104854,051543001,8.04290482507,-75.2106825693,1
05154,05154300102,9,16.5640440209,051543001,8.01773619493,-75.2245113451,1
05154,05154300103,16,22.1512685786,051543001,7.97946250961,-75.2570694856,1
05154,05154300104,4,18.5588633636,051543001,7.96591504585,-75.2309637844,1
05154,05154300105,16,28.3457972676,051543001,7.93670720808,-75.3024719208,1
05154,05154300106,12,29.8548380942,051543001,7.9184236405,-75.2673055631,1
05154,05154300201,17,19.5127071897,051543002,7.88026903115,-75.1545318589,1
05154,05154300202,14,24.3692027198,051543002,7.87758638647,-75.127724784,1
05154,05154300203,10,23.2087277303,051543002,7.91019430196,-75.0791300775,1
05154,05154300204,10,18.7777037858,051543002,7.87462606244,-75.0942909096,1
05154,05154300205,66,20.6508286144,051543002,7.88333200914,-75.0446154432,1
05154,05154300206,51,21.7957941213,051543002,7.93423183025,-74.9945081194,1
05154,05154300207,15,20.286047734,051543002,7.88773350835,-75.0145519651,1
05154,05154300208,33,21.3893119113,051543002,7.85335514906,-75.0471031713,1
05154,05154300301,81,20.7962011574,051543003,8.00758261691,-75.1729323225,1
05154,05154300302,212,17.4187422719,051543003,7.9864679504,-75.1444191911,1
05154,05154300303,32,26.2234374572,051543003,7.96102084314,-75.1363801272,1
05154,05154300304,25,22.1029881527,051543003,7.93323592828,-75.1642141743,1
05154,05154300305,18,24.9367014774,051543003,7.94008292533,-75.1102654646,1
05154,05154300401,7,16.199801218,051543004,8.03657155878,-75.1637945399,1
05154,05154300402,7,21.7631060142,051543004,8.02246077007,-75.1246698389,1
05154,05154300403,7,19.6050120252,051543004,8.03650084832,-75.0880012255,1
05154,05154300404,11,17.6762686487,051543004,8.02989553403,-75.0483400592,1
05154,05154300405,15,18.7676825161,051543004,8.04535461895,-75.0135303211,1
05154,05154300601,23,21.6065543201,051543006,7.99588633299,-75.0816587288,1
05154,05154300602,26,29.3805992615,051543006,7.9689621506,-75.0615294553,1
05154,05154300603,13,17.2292230958,051543006,7.97100444428,-75.0227961306,1
05154,05154300604,8,16.8631811323,051543006,7.93661243864,-75.0438827534,1
05154,05154300605,42,22.3585798214,051543006,7.9638791944,-74.9738309593,1
05154,05154300701,21,25.2837491174,051543007,8.053136851,-74.9749896986,1
05154,05154300702,5,31.2117204089,051543007,8.05442557609,-74.9352451624,1
05154,05154300703,35,23.3718813105,051543007,8.00782388629,-75.0007527906,1
05154,05154300704,9,24.4120953365,051543007,7.99412415041,-74.9637105677,1
05154,05154300801,6,25.4297779876,051543008,7.93143183127,-74.9227969461,1
05154,05154300802,20,24.1254004307,051543008,7.91450244485,-74.9533426792,1
05154,05154300803,41,20.1887530078,051543008,7.89350239604,-74.9845992453,1
05154,05154300804,12,21.2101219416,051543008,7.8629355492,-74.96408962,1
05154,05154300805,22,22.1795979629,051543008,7.83114362787,-74.9463195651,1
05154,05154300901,29,24.1399349744,051543009,7.7369992541,-74.8765919906,1
05154,05154300902,44,22.2720829404,051543009,7.75521808357,-74.8463028499,1
05154,05154300903,47,23.4355282575,051543009,7.73923117209,-74.8173705513,1
05154,05154300904,49,24.9128217999,051543009,7.69850466729,-74.8640870915,1
05154,05154300905,96,21.6734293106,051543009,7.70646987751,-74.8088676898,1
05154,05154301001,15,19.6789136183,051543010,7.8305765336,-75.1586979562,1
05154,05154301002,5,13.6802499973,051543010,7.82023347173,-75.1315879603,1
05154,05154301003,21,21.1819137325,051543010,7.83402037522,-75.0836581682,1
05154,05154301004,17,19.3308105953,051543010,7.80481597383,-75.0953962713,1
05154,05154301005,39,21.8908102732,051543010,7.81513176337,-75.0439489636,1
05154,05154301006,45,12.5837295352,051543010,7.78299381033,-75.0580898231,1
05154,05154301007,47,18.8906243803,051543010,7.82366562366,-74.9981541093,1
05154,05154301008,61,19.3014816832,051543010,7.79139770313,-75.0111015583,1
05154,05154301009,23,20.3131511997,051543010,7.80145781379,-74.9616131346,1
05154,05154301101,38,24.0989676331,051543011,7.73818275625,-75.0175431533,1
05154,05154301102,39,20.0176362417,051543011,7.74532648283,-74.9887216344,1
05154,05154301103,51,22.5817780191,051543011,7.75519883182,-74.9594255514,1
05154,05154301104,27,21.1253203339,051543011,7.76458511524,-74.9255821073,1
05154,05154301105,11,24.1460753011,051543011,7.78441685307,-74.8993628699,1
05154,05154301106,44,20.3482900426,051543011,7.7167054003,-74.9146298593,1
05154,05154301107,53,23.0138847706,051543011,7.70477915027,-74.9424239531,1
05154,05154301108,16,20.4237394592,051543011,7.68367682813,-74.9605884359,1
05154,05154301109,42,31.8079742406,051543011,7.68454608989,-75.0060059285,1
05154,05154301201,27,19.1593762291,051543012,7.65394818634,-74.9318225807,1
05154,05154301202,11,18.4102239808,051543012,7.6423369871,-74.9664145407,1
05154,05154301203,33,23.7737772216,051543012,7.63627802862,-75.0020241122,1
05154,05154301204,22,15.5334826397,051543012,7.6217771698,-75.0250868495,1
05154,05154301205,21,9.87733029385,051543012,7.5950667332,-75.0082167708,1
05172,05172300301,28,21.8255313162,051723003,7.73303106631,-76.8000846524,1
05172,05172300302,192,21.7623011156,051723003,7.72322157936,-76.7620759666,1
05172,05172300303,201,20.3382181908,051723003,7.69155960465,-76.7350482578,1
05172,05172300304,30,21.3118388026,051723003,7.71175665375,-76.7136150587,1
05172,05172300305,240,27.9417038399,051723003,7.69540323287,-76.6642734302,1
05172,05172300306,38,21.1466443626,051723003,7.70971968251,-76.6191239304,1
05172,05172300601,50,18.7477251931,051723006,7.68798974752,-76.7844434215,1
05172,05172300602,20,17.6257804184,051723006,7.65605664999,-76.7880801146,1
05172,05172300603,33,23.11532665,051723006,7.66031613551,-76.7432402323,1
05172,05172300604,268,21.3240485833,051723006,7.64149653549,-76.727202761,1
05172,05172300605,79,23.106433996,051723006,7.61934918714,-76.7204558577,1
05172,05172300606,71,19.3476826593,051723006,7.62871491766,-76.6790209125,1
05172,05172300701,143,22.997719657,051723007,7.65227381499,-76.640396927,1
05172,05172300702,96,22.2685183295,051723007,7.62379284731,-76.6346702866,1
05172,05172300703,35,26.5059568003,051723007,7.58681092008,-76.6795169411,1
05172,05172300704,26,21.1277586403,051723007,7.59512868276,-76.6224768166,1
05172,05172300801,14,3.42177289318,051723008,7.70288416585,-76.6030469741,1
05172,05172300802,126,25.5209748347,051723008,7.68606870427,-76.5508196905,1
05172,05172300803,52,16.5313371561,051723008,7.64975793271,-76.58657078,1
05172,05172300804,0,15.007214863,051723008,7.63055140548,-76.5456174195,1
05172,05172300806,63,12.2171093903,051723008,7.61452726327,-76.5684062516,1
05172,05172300808,9,8.42829018312,051723008,7.67378875721,-76.5759217346,1
05172,05172300809,14,18.5350150641,051723008,7.69093425117,-76.6009868382,1
05172,05172300901,10,26.8780551158,051723009,7.71473886054,-76.530732528,1
05172,05172300902,0,33.4255175888,051723009,7.66649904696,-76.5118739509,1
05172,05172300903,98,28.0889981482,051723009,7.6009151526,-76.5331307723,1
05172,05172300904,48,21.79103916,051723009,7.55627753582,-76.544753842,1
05172,05172300905,0,9.81650602985,051723009,7.54853858944,-76.5344964683,1
05172,05172301001,26,10.7741692318,051723010,7.57522031024,-76.6004241947,1
05172,05172301002,286,28.7441955989,051723010,7.55555066885,-76.6651453092,1
05172,05172301003,23,22.4956899592,051723010,7.51778718705,-76.6444919487,1
05172,05172301004,37,18.4264154736,051723010,7.5405347887,-76.6147854932,1
05172,05172301005,8,13.4101891263,051723010,7.55558915649,-76.5804427032,1
05172,05172301006,59,19.0478125546,051723010,7.5104996206,-76.5924291085,1
05172,05172301007,12,23.7378995812,051723010,7.48045117153,-76.6177933424,1
05172,05172301008,49,10.9341164726,051723010,7.60259455418,-76.5868464752,1
05190,05190300101,214,22.4457038755,051903001,6.55757878299,-75.0991177646,1
05190,05190300102,243,22.9609372233,051903001,6.54352570583,-75.0660313707,1
05197,05197300101,89,18.4988917934,051973001,6.07484754763,-75.2466292373,1
05197,05197300102,693,25.0813579553,051973001,6.08749467031,-75.2119721758,1
05197,05197300103,835,20.6424789937,051973001,6.04334288263,-75.2035972464,1
05197,05197300104,790,17.5934037951,051973001,6.07599701725,-75.1738360707,1
05197,05197300105,698,22.6011616322,051973001,6.0185056401,-75.1768147984,1
05197,05197300106,483,14.8056752282,051973001,6.04236609461,-75.142255243,1
05197,05197300301,591,25.7583395397,051973003,5.98782790474,-75.158867292,1
05197,05197300302,963,28.7840757945,051973003,6.0081201997,-75.1086348731,1
05197,05197300303,278,19.3555670628,051973003,5.9599395327,-75.1339667944,1
05197,05197300304,65,25.753896073,051973003,5.89896415344,-75.1387314982,1
05197,05197300305,137,24.3159283987,051973003,5.91121804285,-75.0973649347,1
05197,05197300306,111,13.6912641846,051973003,5.93880229213,-75.1588324795,1
05206,05206300101,225,18.6229547184,052063001,6.40273579463,-75.2736857498,1
05206,05206300102,110,21.7924565612,052063001,6.42839649095,-75.2293193282,1
05206,05206300103,153,22.6001989717,052063001,6.40211466134,-75.2079761608,1
05206,05206300104,98,22.4907936348,052063001,6.40792935813,-75.1692604854,1
05206,05206300201,154,23.7011634978,052063002,6.3715073963,-75.2747787164,1
05206,05206300202,188,25.3485644516,052063002,6.36617882345,-75.2276817255,1
05206,05206300203,82,27.5397732318,052063002,6.33448978711,-75.2146483151,1
05206,05206300204,154,24.6926826307,052063002,6.35962399358,-75.1751395327,1
05206,05206300205,0,14.5561094923,052063002,6.30488291041,-75.1868274179,1
05209,05209300101,403,20.9170424211,052093001,6.05272708653,-75.9172968065,1
05209,05209300102,195,20.400969371,052093001,6.0822680303,-75.8788661898,1
05209,05209300103,176,19.3412789942,052093001,6.04239200765,-75.8786240118,1
05209,05209300104,364,24.3739216085,052093001,5.99956922439,-75.9241555906,1
05209,05209300105,252,16.879673893,052093001,6.01390188859,-75.8800471168,1
05209,05209300106,119,19.2356805674,052093001,5.97437211918,-75.8888063486,1
05209,05209300107,122,21.8698471719,052093001,5.98524218539,-75.8542573127,1
05209,05209300201,509,23.1019323339,052093002,6.06395704804,-75.9592370153,1
05209,05209300202,375,23.8996257247,052093002,6.0958551135,-75.9448055159,1
05209,05209300203,190,24.5304902286,052093002,6.11085099223,-75.8917523468,1
05209,05209300204,52,32.3828501614,052093002,6.14524273736,-75.8766096727,1
05212,05212300101,298,4.51851606802,052123001,6.40904568318,-75.4951655145,1
05212,05212300102,569,4.44315832233,052123001,6.33697926053,-75.495484524,1
05212,05212300103,507,5.74335423051,052123001,6.3263680048,-75.5113754404,1
05212,05212300104,144,5.92515028002,052123001,6.39819652266,-75.5104095899,1
05212,05212300105,781,4.64419253982,052123001,6.38311509945,-75.4921079087,1
05212,05212300106,166,5.01629437426,052123001,6.38169504248,-75.5199212699,1
05212,05212300107,625,5.24586022417,052123001,6.36881737021,-75.5030927864,1
05212,05212300108,686,4.05553376369,052123001,6.35160095431,-75.4799564252,1
05212,05212300109,671,4.49367092859,052123001,6.33224740249,-75.4676339473,1
05212,05212300110,521,4.07204440935,052123001,6.32763122613,-75.4817078004,1
05212,05212300111,130,5.87751282843,052123001,6.31057053011,-75.5009506592,1
05212,05212300112,220,5.85762071921,052123001,6.30970162546,-75.5190701994,1
05234,05234300101,0,12.591824489,052343001,6.83371329139,-76.5528901201,1
05234,05234300102,1,16.254652206,052343001,6.80463299508,-76.556324131,1
05234,05234300103,0,15.6412821761,052343001,6.77586219762,-76.5546147417,1
05234,05234300104,0,16.4107340293,052343001,6.74480854525,-76.5793914955,1
05234,05234300105,0,19.9773213963,052343001,6.72901338084,-76.5626954386,1
05234,05234300106,0,8.03011243836,052343001,6.82946415694,-76.5268393331,1
05234,05234300107,0,5.73920341341,052343001,6.80062063627,-76.5231060347,1
05234,05234300108,0,2.93759792607,052343001,6.7724977693,-76.5264382458,1
05234,05234300109,0,7.66981255569,052343001,6.74549145852,-76.600537087,1
05234,05234300201,3,24.6284801786,052343002,7.11976452734,-75.9962176551,1
05234,05234300202,2,25.8110469355,052343002,7.0877468499,-76.00077323,1
05234,05234300203,9,25.0836281364,052343002,7.05670445888,-76.0029145861,1
05234,05234300204,38,25.0799502507,052343002,7.02267373836,-76.0034949841,1
05234,05234300205,191,27.2522716473,052343002,6.97790682688,-76.0324500135,1
05234,05234300301,4,23.1461171212,052343003,7.11070207813,-76.1352836078,1
05234,05234300302,35,18.970114528,052343003,7.07604286565,-76.1173497269,1
05234,05234300303,10,17.9299670384,052343003,7.11085386998,-76.0991708717,1
05234,05234300304,1,16.5537312418,052343003,7.15146587975,-76.0731488442,1
05234,05234300305,29,18.8159931272,052343003,7.12200050228,-76.0663443813,1
05234,05234300306,8,16.9836444531,052343003,7.14079623025,-76.0307599533,1
05234,05234300401,26,26.9048973185,052343004,7.08243123301,-76.0666970957,1
05234,05234300402,130,24.6993183247,052343004,7.03595241801,-76.1100739795,1
05234,05234300403,4,24.5563642268,052343004,7.05013889755,-76.0547438066,1
05234,05234300404,69,23.1092634693,052343004,7.01266889262,-76.073843856,1
05234,05234300405,209,21.2238356743,052343004,6.98957804683,-76.0693000312,1
05234,05234300501,215,19.6374664093,052343005,6.96446055065,-76.0940084779,1
05234,05234300502,86,22.1851160438,052343005,6.99417957692,-76.1348326299,1
05234,05234300503,178,22.0963807171,052343005,7.00648729545,-76.161836199,1
05234,05234300504,109,26.9389521675,052343005,6.98401128618,-76.2136076411,1
05234,05234300505,100,17.2929367143,052343005,6.96627764,-76.250646341,1
05234,05234300506,203,20.5783066733,052343005,6.92720715457,-76.2589440446,1
05234,05234300507,10,0.171143908306,052343005,6.93804963439,-76.2650349934,1
05234,05234300508,156,18.3076869613,052343005,7.00492699097,-76.190528595,1
05234,05234300701,1,5.76835145174,052343007,7.12530378241,-76.2438579771,1
05234,05234300702,0,8.29311946491,052343007,7.12685132542,-76.2044583661,1
05234,05234300703,2,9.66915273286,052343007,7.11949725694,-76.1661601647,1
05234,05234300704,8,16.5610532304,052343007,7.10205078151,-76.2279972462,1
05234,05234300705,16,21.4714980586,052343007,7.0954965488,-76.1908358667,1
05234,05234300706,229,20.748582958,052343007,7.06838185482,-76.2432119415,1
05234,05234300707,148,24.8866912035,052343007,7.02466622648,-76.2571341771,1
05234,05234300708,121,21.5785127844,052343007,7.04587105839,-76.2148165882,1
05234,05234300709,46,20.4286654868,052343007,7.05058898368,-76.1800974864,1
05234,05234300710,14,12.1587944725,052343007,7.12916434485,-76.2539808126,1
05234,05234300711,34,15.5972230688,052343007,7.0677972604,-76.1542683562,1
05234,05234300712,0,5.72600866022,052343007,7.137649959,-76.2206518273,1
05234,05234300801,0,17.7586816544,052343008,6.85271452235,-76.4862679812,1
05234,05234300802,1,17.0723435994,052343008,6.7933091109,-76.5071957718,1
05234,05234300803,0,17.1285967863,052343008,6.79113928964,-76.4711110526,1
05234,05234300804,0,23.5941763216,052343008,6.78422231878,-76.4467233549,1
05234,05234300805,1,4.32527691358,052343008,6.8278526064,-76.5040649216,1
05234,05234300806,0,5.75619438318,052343008,6.75636846007,-76.4554695928,1
05234,05234300807,6,11.4421340184,052343008,6.8084897354,-76.4773754964,1
05234,05234300808,0,4.66219120924,052343008,6.82948802988,-76.474752641,1
05234,05234300809,0,4.22513504871,052343008,6.75761513076,-76.4903967568,1
05234,05234300901,0,5.43557901102,052343009,7.02793964107,-76.4292697138,1
05234,05234300902,0,18.0424302769,052343009,7.00369565384,-76.4228590377,1
05234,05234300903,0,16.5537716281,052343009,6.97713350315,-76.4253388417,1
05234,05234300904,4,15.8017469311,052343009,6.98349973779,-76.3827874492,1
05234,05234300905,62,33.9150552774,052343009,6.99272564572,-76.3420774592,1
05234,05234300906,41,23.3082869782,052343009,6.9887610202,-76.2873897271,1
05234,05234300907,0,12.1377839216,052343009,6.94912809265,-76.2990002315,1
05234,05234300908,0,3.51209449614,052343009,6.96003935666,-76.3366672424,1
05234,05234300909,11,7.96615228274,052343009,7.01300374742,-76.3769967354,1
05234,05234300910,25,14.3774984366,052343009,7.03304906682,-76.4113885943,1
05234,05234300911,0,2.42286950604,052343009,6.95247398308,-76.3167769475,1
05234,05234300912,69,2.93132382064,052343009,6.95153457746,-76.2715581501,1
05234,05234300913,0,7.9702636451,052343009,6.98036181257,-76.3048105252,1
05234,05234300914,0,1.87622189838,052343009,7.00578690644,-76.3353963325,1
05234,05234301001,0,11.3461197901,052343010,7.10527957296,-76.2892366831,1
05234,05234301002,5,14.318528409,052343010,7.08187017124,-76.3065303326,1
05234,05234301003,38,14.7632558065,052343010,7.04063050669,-76.3447590795,1
05234,05234301004,57,8.53629077363,052343010,7.02398752032,-76.3075547809,1
05234,05234301005,2,10.8213728932,052343010,7.11715925551,-76.275388686,1
05234,05234301006,23,12.4799754802,052343010,7.06733951028,-76.2779893278,1
05234,05234301007,85,9.78910509277,052343010,7.04120653431,-76.2911878441,1
05234,05234301008,7,8.21049673802,052343010,7.06403211306,-76.3239500666,1
05234,05234301009,46,3.68591461373,052343010,7.0375524442,-76.3064463771,1
05234,05234301101,24,22.1961105826,052343011,7.1071127119,-76.3845536869,1
05234,05234301102,126,24.1761555492,052343011,7.06961102972,-76.4048870412,1
05234,05234301103,34,22.2883822955,052343011,7.0573939577,-76.3688814408,1
05234,05234301104,5,27.7046627167,052343011,7.10407878269,-76.3379848329,1
05234,05234301201,23,13.9155498109,052343012,7.16865363385,-76.4110700189,1
05234,05234301202,78,11.1111701821,052343012,7.1633651756,-76.3654853422,1
05234,05234301203,11,10.9112970251,052343012,7.13566199252,-76.4056671021,1
05234,05234301204,0,11.2648359072,052343012,7.15572055905,-76.3371157472,1
05234,05234301205,1,9.37229923057,052343012,7.1437395702,-76.2953111217,1
05234,05234301206,41,11.5243521204,052343012,7.13299645563,-76.3751689326,1
05234,05234301207,10,7.5180048813100004,052343012,7.1652571379,-76.3886388475,1
05234,05234301208,0,5.38934688225,052343012,7.13556150949,-76.3329979082,1
05234,05234301209,0,3.24451563798,052343012,7.1289418024,-76.3029056363,1
05234,05234301301,0,18.2210270005,052343013,7.12188865136,-76.4460014989,1
05234,05234301302,0,23.7038056961,052343013,7.11488944909,-76.4883994247,1
05234,05234301303,0,21.045306937,052343013,7.08068907293,-76.5111734539,1
05234,05234301304,0,23.8403065398,052343013,7.05681771455,-76.4784486761,1
05234,05234301305,14,10.7215280708,052343013,7.07043345114,-76.4412666675,1
05234,05234301306,8,12.9240836823,052343013,7.09348253136,-76.4385197535,1
05234,05234301307,0,7.51207544869,052343013,7.05158433258,-76.4549774265,1
05234,05234301308,0,8.60320713663,052343013,7.15757675008,-76.431060127,1
05234,05234301401,3,20.2333351528,052343014,7.03815264907,-76.5163926605,1
05234,05234301402,21,25.7997695144,052343014,6.98688266247,-76.5263078058,1
05234,05234301403,70,23.2409223795,052343014,6.99712232552,-76.493487149,1
05234,05234301404,0,19.7051893996,052343014,7.00701338438,-76.4636908379,1
05234,05234301501,0,27.6262821464,052343015,6.94946790023,-76.4901527376,1
05234,05234301502,0,19.8750500299,052343015,6.93656714201,-76.4577619709,1
05234,05234301503,1,29.7176162089,052343015,6.90037549746,-76.5047291834,1
05234,05234301504,3,27.7493446895,052343015,6.86296003175,-76.5303054285,1
05234,05234301601,3,19.0623460163,052343016,6.94199827229,-76.3930290469,1
05234,05234301602,45,33.6319312937,052343016,6.91694633977,-76.4090121948,1
05234,05234301603,17,22.5082194046,052343016,6.89761013096,-76.4297155578,1
05234,05234301604,0,20.9311831995,052343016,6.864133257,-76.4319060658,1
05234,05234301605,0,15.0744210276,052343016,6.87438939928,-76.4660752338,1
05234,05234301606,1,2.48666049104,052343016,6.84046306187,-76.3953184319,1
05234,05234301607,0,3.16435434292,052343016,6.88585846327,-76.3780098801,1
05234,05234301701,107,15.7132940908,052343017,6.94249281083,-76.3582369601,1
05234,05234301702,0,13.0473120002,052343017,6.90421261671,-76.3495015595,1
05234,05234301703,0,10.2476273217,052343017,6.92128353364,-76.3087648347,1
05234,05234301704,0,6.25515667312,052343017,6.91754674393,-76.3609577142,1
05234,05234301705,2,13.856233384,052343017,6.91974191806,-76.3129104068,1
05234,05234301801,143,14.0439529158,052343018,6.86237766429,-76.3737170468,1
05234,05234301802,4,17.0519144208,052343018,6.83464495024,-76.3638178174,1
05234,05234301803,0,6.34141970951,052343018,6.82545433417,-76.3291529441,1
05234,05234301804,0,5.08857489976,052343018,6.81998518614,-76.3045169709,1
05234,05234301805,0,17.4336871559,052343018,6.84691195769,-76.3114630933,1
05234,05234301806,0,21.6791098758,052343018,6.88065280816,-76.3209030283,1
05234,05234301807,0,10.9758432282,052343018,6.80277079403,-76.2958439018,1
05234,05234301808,0,6.71738747843,052343018,6.79218518048,-76.3176731776,1
05234,05234301809,0,7.68291826411,052343018,6.80987326466,-76.344674587,1
05234,05234301810,0,2.95077830395,052343018,6.8393096024,-76.3302068653,1
05234,05234301811,0,5.68072283693,052343018,6.8753818708,-76.349643763,1
05237,05237300101,179,22.6404498375,052373001,6.51651926079,-75.3692838428,1
05237,05237300102,392,18.1967832277,052373001,6.48772814888,-75.3849758315,1
05237,05237300103,133,20.6730435986,052373001,6.51741404774,-75.4269602469,1
05237,05237300104,250,20.2115986451,052373001,6.46516279891,-75.4082977392,1
05237,05237300105,147,22.3250293294,052373001,6.48110905769,-75.4417001998,1
05237,05237300106,263,14.1034260638,052373001,6.44988430619,-75.4582313313,1
05237,05237300201,207,19.1125582478,052373002,6.55482713167,-75.2502714463,1
05237,05237300202,10,22.5264058372,052373002,6.52036238096,-75.2736756033,1
05237,05237300203,236,17.9656792071,052373002,6.53944526188,-75.2994441459,1
05237,05237300204,126,19.091478789,052373002,6.52792904316,-75.33991755,1
05240,05240300101,59,24.0710840384,052403001,6.3798713202,-75.7997681661,1
05240,05240300102,111,21.2920824843,052403001,6.3904371709,-75.7642151174,1
05240,05240300103,311,20.5966951289,052403001,6.35800342279,-75.750392395,1
05240,05240300201,17,23.5948144788,052403002,6.36270382452,-75.8309581018,1
05240,05240300202,76,23.5426636258,052403002,6.32672506508,-75.8216730425,1
05240,05240300203,253,23.8984305284,052403002,6.29936442887,-75.8075106539,1
05240,05240300204,50,18.4901305587,052403002,6.25575936815,-75.8260135189,1
05240,05240300301,309,17.2083990211,052403003,6.30934654875,-75.7671808856,1
05240,05240300302,434,24.573431148,052403003,6.32485016615,-75.7391342914,1
05240,05240300303,371,21.5539917257,052403003,6.27372852334,-75.7715216995,1
05240,05240300304,43,18.1870798919,052403003,6.2865530085,-75.7239061146,1
05250,05250300101,34,26.8627124147,052503001,7.96186361725,-74.8009533038,1
05250,05250300102,31,22.1605271995,052503001,7.93687728929,-74.775430989,1
05250,05250300103,71,17.7654154333,052503001,7.91903161768,-74.752972024,1
05250,05250300104,33,17.540545589,052503001,7.90949545785,-74.7282709628,1
05250,05250300105,44,16.506728394,052503001,7.90082710541,-74.6981413541,1
05250,05250300201,2,18.6693888115,052503002,7.8216996713,-74.6510216984,1
05250,05250300202,1,19.8030398203,052503002,7.82648757413,-74.5945197179,1
05250,05250300203,33,20.4302631603,052503002,7.79225720312,-74.6735735384,1
05250,05250300204,1,23.7748438936,052503002,7.7949863558,-74.6125884865,1
05250,05250300205,23,18.9204814748,052503002,7.75492879586,-74.7016528168,1
05250,05250300206,59,17.2810735995,052503002,7.75668671971,-74.6659754006,1
05250,05250300207,11,25.1493303719,052503002,7.76082397895,-74.6301624867,1
05250,05250300301,1,23.1949835318,052503003,7.90959745967,-74.5450832435,1
05250,05250300302,2,21.3760918369,052503003,7.86102493825,-74.5487868888,1
05250,05250300303,1,20.2426118619,052503003,7.8268006474,-74.544437354,1
05250,05250300304,1,25.090424832,052503003,7.79119336174,-74.5545304331,1
05250,05250300401,2,21.3532285315,052503004,7.74430324386,-74.5827612242,1
05250,05250300402,0,23.7693724643,052503004,7.76177027556,-74.5365183016,1
05250,05250300403,2,23.7251454313,052503004,7.72561869059,-74.5392045441,1
05250,05250300404,1,19.5058919239,052503004,7.69202453297,-74.5509894618,1
05250,05250300405,0,21.9988969806,052503004,7.69442246283,-74.5044389489,1
05250,05250300406,2,22.5643723797,052503004,7.66069921653,-74.5759903065,1
05250,05250300501,1,18.5086169043,052503005,7.60676068066,-74.6232251959,1
05250,05250300502,1,23.7803105933,052503005,7.61710968732,-74.5754901741,1
05250,05250300503,36,20.0411188619,052503005,7.54492549217,-74.6414644551,1
05250,05250300504,0,20.341734807,052503005,7.56780234172,-74.6113204212,1
05250,05250300505,0,12.6446581983,052503005,7.55795437687,-74.5778635523,1
05250,05250300601,169,15.3268753557,052503006,7.57716234129,-74.791764557,1
05250,05250300602,118,20.6227617708,052503006,7.55280100787,-74.7657909458,1
05250,05250300603,35,16.5499674636,052503006,7.55351148906,-74.7365825163,1
05250,05250300604,45,21.2206095486,052503006,7.50769764466,-74.7569083225,1
05250,05250300605,133,24.9205127929,052503006,7.50845830858,-74.713439247,1
05250,05250300606,21,19.109455893,052503006,7.47240541116,-74.733255864,1
05250,05250300701,30,20.9781262795,052503007,7.88591640326,-74.7890777705,1
05250,05250300702,19,22.6446664867,052503007,7.87233828959,-74.7367828412,1
05250,05250300703,75,19.4655611839,052503007,7.83787138716,-74.7749278259,1
05250,05250300704,30,21.9724001637,052503007,7.8382428757,-74.7383332164,1
05250,05250300705,27,19.8101084535,052503007,7.86396180099,-74.6888142661,1
05250,05250300706,15,17.4626192874,052503007,7.89197510855,-74.6635831086,1
05250,05250300801,1,22.6964305428,052503008,7.93242706118,-74.5743861794,1
05250,05250300802,2,20.3119704253,052503008,7.90281887591,-74.604889843,1
05250,05250300803,1,20.8986617391,052503008,7.86779184763,-74.5772456158,1
05250,05250300804,2,16.9921116329,052503008,7.85571268656,-74.6475854894,1
05250,05250300805,1,23.5559738314,052503008,7.87091979624,-74.6218866169,1
05250,05250300901,42,22.891001897,052503009,7.75766439269,-74.7814246915,1
05250,05250300902,124,21.2280324449,052503009,7.79796378324,-74.7675888654,1
05250,05250300903,70,22.9209839146,052503009,7.76294202847,-74.7450348213,1
05250,05250300904,50,18.3894764538,052503009,7.80205684165,-74.7239155257,1
05250,05250300905,53,17.158580327,052503009,7.81982597658,-74.6951848095,1
05250,05250301001,7,18.4687166733,052503010,7.7225375612,-74.6285592114,1
05250,05250301002,3,20.1983028733,052503010,7.70183471439,-74.6004170549,1
05250,05250301003,12,20.0219063336,052503010,7.68181846137,-74.6421027829,1
05250,05250301004,20,16.538302155,052503010,7.64651527926,-74.6516990184,1
05250,05250301005,2,25.2706769843,052503010,7.65016997346,-74.6094650283,1
05250,05250301101,210,21.6368468088,052503011,7.72148073727,-74.7292069461,1
05250,05250301102,67,20.4243728233,052503011,7.71707384451,-74.6767783752,1
05250,05250301103,86,13.6163681388,052503011,7.67554212444,-74.7602078879,1
05250,05250301104,15,19.5047395466,052503011,7.68594728844,-74.7216912164,1
05250,05250301105,40,20.9095944972,052503011,7.67846218822,-74.681927737,1
05250,05250301106,62,16.5038801295,052503011,7.65599529671,-74.7418265799,1
05250,05250301107,22,20.490025828,052503011,7.64323212698,-74.7071493161,1
05250,05250301201,184,23.2752035757,052503012,7.61216307675,-74.7622493114,1
05250,05250301202,99,19.0230281413,052503012,7.60851798749,-74.7134712626,1
05250,05250301203,46,17.1291567489,052503012,7.58475705417,-74.7170352933,1
05250,05250301204,48,19.6032146763,052503012,7.55389828067,-74.7006392329,1
05250,05250301205,70,22.7505595643,052503012,7.61281421046,-74.6641343565,1
05250,05250301206,81,21.9281631482,052503012,7.57293837343,-74.6648732232,1
05250,05250301301,13,22.0879906656,052503013,7.51792227195,-74.6588910278,1
05250,05250301302,0,22.5043623323,052503013,7.51998611037,-74.6008610754,1
05250,05250301303,77,23.9229030355,052503013,7.48350391418,-74.6684244638,1
05250,05250301304,5,21.2896351638,052503013,7.48445078624,-74.6224952862,1
05250,05250301401,130,19.2019373646,052503014,7.45328747298,-74.697741273,1
05250,05250301402,67,25.0861740325,052503014,7.43861626253,-74.6452473801,1
05250,05250301403,3,20.492757502,052503014,7.44367378303,-74.5998717169,1
05250,05250301404,17,21.7877960852,052503014,7.40745262932,-74.6128802304,1
05250,05250301405,56,1.68521305549,052503014,7.45760731264,-74.6716444361,1
05264,05264300101,65,20.234975549,052643001,6.65623572596,-75.6153690124,1
05264,05264300102,116,24.0978077307,052643001,6.64957012175,-75.5487434537,1
05264,05264300103,134,22.821014786,052643001,6.63356711731,-75.6150265552,1
05264,05264300104,290,25.0108716738,052643001,6.61169697157,-75.5649259103,1
05264,05264300105,242,24.268833188,052643001,6.59721476438,-75.5253241843,1
05264,05264300201,134,23.4856683566,052643002,6.59380066572,-75.5953972541,1
05264,05264300202,235,25.2626516929,052643002,6.55427876092,-75.5623954505,1
05264,05264300203,186,22.3614056527,052643002,6.5277478313,-75.5231919805,1
05264,05264300204,267,25.6325811057,052643002,6.54046775551,-75.4977117621,1
05266,05266300101,415,3.83217559745,052663001,6.14522628886,-75.5693851686,1
05266,05266300102,398,4.85029379436,052663001,6.15569233622,-75.5289407845,1
05266,05266300103,113,4.42365296128,052663001,6.16835278066,-75.5162828958,1
05266,05266300104,144,5.45970326004,052663001,6.18307803012,-75.5157912949,1
05266,05266300105,327,5.25381895211,052663001,6.17847023964,-75.499180593,1
05266,05266300106,276,5.56476727151,052663001,6.16882134048,-75.4868295139,1
05266,05266300107,179,4.08961761767,052663001,6.14003392939,-75.5873768516,1
05266,05266300108,88,4.86657418821,052663001,6.11847813684,-75.5787442716,1
05266,05266300109,52,4.29265513731,052663001,6.12057524304,-75.566545419,1
05266,05266300110,14,4.83884515162,052663001,6.11964632428,-75.554283868,1
05266,05266300111,70,4.22224393183,052663001,6.1354286696599996,-75.546805883,1
05266,05266300112,378,5.00585595416,052663001,6.14780734934,-75.5463486951,1
05266,05266300113,156,4.05840062776,052663001,6.16550319978,-75.548791994,1
05282,05282300101,493,20.0428162154,052823001,5.98250793547,-75.656892855,1
05282,05282300102,1219,21.6920990097,052823001,5.95421145004,-75.6665851802,1
05282,05282300103,391,28.5765153399,052823001,5.91135636335,-75.6429647946,1
05282,05282300104,589,15.7924095867,052823001,5.88529819673,-75.6784974219,1
05282,05282300201,247,19.304223092,052823002,5.90582141332,-75.7558178471,1
05282,05282300202,920,25.3936349439,052823002,5.91584069263,-75.7011261429,1
05282,05282300203,162,22.4377921364,052823002,5.88402915129,-75.7288670981,1
05282,05282300204,195,20.4820806963,052823002,5.85241858466,-75.7128964517,1
05282,05282300301,194,18.4818926979,052823003,5.83952361438,-75.6775410976,1
05282,05282300302,281,18.0017621987,052823003,5.86696874408,-75.6482347691,1
05282,05282300303,35,19.558940381,052823003,5.82930177915,-75.6380084067,1
05282,05282300304,157,21.6972326782,052823003,5.79058288811,-75.6376519001,1
05284,05284300101,163,25.2022083062,052843001,6.89167162653,-76.2651341509,1
05284,05284300102,103,23.1274041663,052843001,6.85040460117,-76.2693532481,1
05284,05284300103,163,17.8394648146,052843001,6.84458241203,-76.2302786444,1
05284,05284300104,119,19.0909193987,052843001,6.81305832141,-76.1925939653,1
05284,05284300201,286,19.4219583734,052843002,6.81999070072,-76.1472247366,1
05284,05284300202,94,19.0306346856,052843002,6.78898611817,-76.1585839396,1
05284,05284300203,124,16.7712143532,052843002,6.76581846738,-76.1758136703,1
05284,05284300204,271,19.0381451455,052843002,6.7942825105,-76.1132277463,1
05284,05284300301,26,15.307994687,052843003,6.7601134756,-76.3158848765,1
05284,05284300302,16,23.8528060292,052843003,6.7393607432,-76.2879476741,1
05284,05284300303,65,15.8584610386,052843003,6.77137178485,-76.272209165,1
05284,05284300304,79,16.7104565623,052843003,6.78777877223,-76.2572229949,1
05284,05284300305,0,16.0867700458,052843003,6.81839564471,-76.2452627936,1
05284,05284300306,0,3.72180198192,052843003,6.79155392528,-76.3418676079,1
05284,05284300401,87,12.4425294465,052843004,6.80025054431,-76.3697585719,1
05284,05284300402,0,20.1360506879,052843004,6.76845507168,-76.3644876144,1
05284,05284300403,9,21.4874306269,052843004,6.73725153538,-76.3479284054,1
05284,05284300404,105,20.4461922474,052843004,6.70899831964,-76.329101708,1
05284,05284300405,0,1.91290733775,052843004,6.78902559722,-76.3857301086,1
05284,05284300406,0,2.61902840935,052843004,6.8212934725,-76.3883165139,1
05284,05284300501,243,20.4228882679,052843005,6.78163804216,-76.2218887028,1
05284,05284300502,24,21.2802937599,052843005,6.72364840371,-76.2566504511,1
05284,05284300503,125,25.3420773152,052843005,6.73799241632,-76.2111672631,1
05284,05284300504,8,19.4357739501,052843005,6.69674912155,-76.2387941666,1
05284,05284300505,36,21.3870818532,052843005,6.68825752135,-76.2930280748,1
05284,05284300506,61,2.5727313634,052843005,6.79393677734,-76.2093460027,1
05284,05284300601,269,22.5400779943,052843006,6.75341856468,-76.1096445122,1
05284,05284300602,155,23.2477346242,052843006,6.72623733123,-76.1732667235,1
05284,05284300603,45,21.1488524093,052843006,6.72435485787,-76.1274251701,1
05284,05284300604,131,15.4232895789,052843006,6.69379076607,-76.1682113577,1
05284,05284300605,0,24.3507082143,052843006,6.66861723163,-76.2038569373,1
05284,05284300701,2,23.2558153363,052843007,6.66468363414,-76.2488810044,1
05284,05284300702,0,19.6301531948,052843007,6.63446679179,-76.1936185908,1
05284,05284300703,0,16.2292528799,052843007,6.59862155211,-76.2156520624,1
05284,05284300704,0,17.5738604887,052843007,6.60481910756,-76.1819850207,1
05284,05284300801,6,20.9802495486,052843008,6.61028340669,-76.3869305042,1
05284,05284300802,0,13.5250371643,052843008,6.61444236409,-76.3365470349,1
05284,05284300803,34,6.34885049309,052843008,6.61430982524,-76.2930542403,1
05284,05284300804,1,9.51505244289,052843008,6.58664311829,-76.3072180344,1
05284,05284300805,2,19.3517853117,052843008,6.55866670527,-76.3409834877,1
05284,05284300806,11,19.9792550837,052843008,6.56478534492,-76.3013797959,1
05284,05284300807,0,10.3498055291,052843008,6.54482618812,-76.2872080336,1
05284,05284300808,0,22.4115851671,052843008,6.56746114717,-76.2514932756,1
05284,05284300809,1,8.7866341608,052843008,6.59634614266,-76.3442581556,1
05284,05284300810,0,12.7794374102,052843008,6.52252437237,-76.3151174614,1
05284,05284300811,0,1.79869265968,052843008,6.59177762222,-76.3664880454,1
05284,05284300812,0,4.68353671303,052843008,6.59658474933,-76.298194983,1
05284,05284300813,0,7.69184999635,052843008,6.60244057508,-76.2686418105,1
05284,05284300901,64,15.631854284,052843009,6.68149523478,-76.3898961213,1
05284,05284300902,0,5.61409882108,052843009,6.67398964466,-76.3421986259,1
05284,05284300903,3,13.4798122459,052843009,6.64793161555,-76.3653987231,1
05284,05284300904,4,18.0626244972,052843009,6.6541303861,-76.311318212,1
05284,05284300905,49,15.0364206259,052843009,6.63340488258,-76.2816503817,1
05284,05284300906,0,22.1387612327,052843009,6.61902981289,-76.2449400167,1
05284,05284300907,0,4.44533718786,052843009,6.62328469632,-76.3182508671,1
05284,05284300908,49,8.37050827276,052843009,6.63335238277,-76.3560252945,1
05284,05284300909,0,2.91200564536,052843009,6.66019216516,-76.3321941923,1
05284,05284300910,0,4.22328899867,052843009,6.66608776534,-76.3631947327,1
05284,05284300911,26,6.10024845802,052843009,6.65379843408,-76.3934774306,1
05284,05284300912,35,9.25324981919,052843009,6.68958667084,-76.3599675726,1
05284,05284301001,0,15.2135216075,052843010,6.81580100594,-76.4121694716,1
05284,05284301002,0,7.35831625156,052843010,6.7728845316,-76.421530218,1
05284,05284301003,3,20.3707652062,052843010,6.74327820077,-76.4220368653,1
05284,05284301004,6,11.6291997181,052843010,6.70079224846,-76.4086876699,1
05284,05284301005,6,15.5819095955,052843010,6.73209037635,-76.3841525758,1
05284,05284301006,0,1.35552751766,052843010,6.69794188739,-76.3953850994,1
05284,05284301007,3,4.6122572791,052843010,6.72663511979,-76.3973815596,1
05284,05284301008,0,1.24331760197,052843010,6.73741752539,-76.4115314552,1
05284,05284301009,0,6.67144396932,052843010,6.70527730629,-76.4251796527,1
05284,05284301010,13,7.0136222911,052843010,6.79322526492,-76.3988091504,1
05284,05284301011,0,2.15778938179,052843010,6.78895871668,-76.4252901958,1
05284,05284301012,0,11.5630495553,052843010,6.83097334984,-76.4269960167,1
05284,05284301101,0,16.5358413816,052843011,6.72032014031,-76.5260007455,1
05284,05284301102,2,3.53630880998,052843011,6.73827818859,-76.5354728839,1
05284,05284301103,6,30.030159446,052843011,6.7216368477,-76.4676585818,1
05284,05284301104,21,23.8751307747,052843011,6.66833561445,-76.4644972585,1
05284,05284301105,45,23.6195148875,052843011,6.66093348331,-76.431896607,1
05284,05284301106,0,10.0847742543,052843011,6.74737961064,-76.510625819,1
05284,05284301201,0,24.5080794093,052843012,6.67517529944,-76.5535313615,1
05284,05284301202,17,19.996126275,052843012,6.68046308524,-76.5281094074,1
05284,05284301203,0,2.88291827288,052843012,6.656484622,-76.4991096326,1
05284,05284301204,0,21.920087916500002,052843012,6.63122475885,-76.5440099256,1
05284,05284301205,10,17.2149685716,052843012,6.62846135935,-76.4803957706,1
05284,05284301206,29,7.1633856378,052843012,6.63283184302,-76.5050438993,1
05284,05284301207,0,1.27946271867,052843012,6.64818357613,-76.5094568384,1
05284,05284301208,5,19.4844891168,052843012,6.68683086834,-76.4969329597,1
05284,05284301301,0,15.6557486407,052843013,6.59914601647,-76.5506700882,1
05284,05284301302,0,7.2841961308,052843013,6.60300162319,-76.469373645,1
05284,05284301303,0,19.644639816,052843013,6.59367160474,-76.4318414269,1
05284,05284301304,16,16.5946377292,052843013,6.62413698062,-76.4279288888,1
05284,05284301305,0,5.76707682381,052843013,6.55767254084,-76.4881235603,1
05284,05284301306,0,7.6348597186,052843013,6.57183992483,-76.4385433944,1
05284,05284301307,7,17.8414845423,052843013,6.51782575748,-76.4696027494,1
05284,05284301308,0,5.75705150787,052843013,6.59160165777,-76.5169437839,1
05284,05284301309,0,12.7439716501,052843013,6.5870318515,-76.4863417204,1
05284,05284301310,0,6.13151154398,052843013,6.55246996436,-76.4486881431,1
05284,05284301311,0,15.063997169,052843013,6.54989248382,-76.5049516408,1
05284,05284301312,0,3.0419732297,052843013,6.53604811277,-76.4736383673,1
05284,05284301313,11,8.6970117188,052843013,6.56270082518,-76.4684136687,1
05284,05284301314,0,4.79711040971,052843013,6.60759642191,-76.5114940444,1
05306,05306300101,154,18.7722259536,053063001,6.69699737775,-75.9571503887,1
05306,05306300102,211,19.724491817,053063001,6.66186801867,-75.9044177716,1
05306,05306300103,245,21.3798758777,053063001,6.65440271847,-75.9379652543,1
05306,05306300104,53,12.1236247312,053063001,6.63411808557,-75.977512917,1
05306,05306300105,127,20.8609502783,053063001,6.65893227137,-75.9743537087,1
05308,05308300101,246,4.10360790953,053083001,6.38894754328,-75.4549932471,1
05308,05308300102,375,4.76295152181,053083001,6.4072651699,-75.4342243042,1
05308,05308300103,475,5.23962010669,053083001,6.37305051823,-75.4268540988,1
05308,05308300104,848,5.29901021,053083001,6.35340887939,-75.4625333112,1
05308,05308300105,540,5.90372644773,053083001,6.41838481992,-75.450598634,1
05308,05308300106,349,5.6749209868,053083001,6.41223449187,-75.4590135052,1
05308,05308300107,93,4.74132578955,053083001,6.41916408557,-75.4756362373,1
05308,05308300108,354,4.52357127051,053083001,6.40679484188,-75.4779518759,1
05308,05308300109,484,4.15777932505,053083001,6.38893557718,-75.4775437702,1
05308,05308300110,690,5.78323385467,053083001,6.36952208685,-75.4686863299,1
05308,05308300111,60,5.26864978375,053083001,6.33956944135,-75.445526461,1
05308,05308300112,117,4.65714051889,053083001,6.32886871986,-75.4288861117,1
05308,05308300113,576,5.27012424942,053083001,6.35617496181,-75.4391614259,1
05308,05308300114,326,5.68399057738,053083001,6.35457366958,-75.418079936,1
05308,05308300115,866,5.36552772324,053083001,6.38060691227,-75.4142272011,1
05310,05310300101,59,18.4476922564,053103001,6.81632380693,-75.1818695139,1
05310,05310300102,255,15.7463158165,053103001,6.78657491105,-75.2064457651,1
05310,05310300103,48,18.9288942886,053103001,6.78041018941,-75.1717509278,1
05310,05310300104,5,21.7155262835,053103001,6.76870726458,-75.140447797,1
05310,05310300201,164,19.8468830247,053103002,6.76382764343,-75.2289185986,1
05310,05310300202,111,23.0762931202,053103002,6.72263978215,-75.2355614455,1
05310,05310300203,272,25.4445895259,053103002,6.72244181435,-75.1987621438,1
05310,05310300204,100,23.1286410863,053103002,6.73418677257,-75.159447535,1
05310,05310300205,141,20.6094681299,053103002,6.7085679494,-75.1368209597,1
05310,05310300206,75,21.6130280064,053103002,6.6787833363,-75.1537143287,1
05310,05310300301,98,19.7532251759,053103003,6.68586108331,-75.2450810877,1
05310,05310300302,41,21.7621190937,053103003,6.65812656049,-75.2605156387,1
05310,05310300303,200,17.5784220471,053103003,6.67012908843,-75.2072622982,1
05310,05310300304,110,17.4361946777,053103003,6.65758874177,-75.1772635414,1
05310,05310300305,220,20.8547038308,053103003,6.6305578315,-75.1841593693,1
05310,05310300306,180,24.7824407152,053103003,6.60685534491,-75.1953391516,1
05313,05313300101,970,25.9281312268,053133001,6.12715771412,-75.1675993313,1
05313,05313300102,282,22.7163208702,053133001,6.1279084778,-75.1305706475,1
05313,05313300103,647,22.0011545874,053133001,6.08985754218,-75.1288467721,1
05313,05313300104,289,22.7660796241,053133001,6.05449301521,-75.1094897315,1
05313,05313300201,414,17.2916996318,053133002,6.15714236677,-75.1930051011,1
05313,05313300202,95,12.134683372,053133002,6.16986650212,-75.1397946341,1
05313,05313300203,4,10.3709593634,053133002,6.20178176385,-75.1243284816,1
05313,05313300204,98,19.9140344663,053133002,6.16399568884,-75.1054502937,1
05313,05313300205,425,19.0646193313,053133002,6.12482429872,-75.0812762083,1
05313,05313300206,213,17.2662731267,053133002,6.08265213569,-75.0890978254,1
05315,05315300101,155,15.4902382357,053153001,6.91155745996,-75.2299901597,1
05315,05315300102,221,20.6252631539,053153001,6.88199917869,-75.2285783866,1
05315,05315300103,176,20.0115692986,053153001,6.89099266609,-75.1907159822,1
05315,05315300104,169,16.7405016471,053153001,6.84907728136,-75.2439432198,1
05315,05315300105,330,20.1021536558,053153001,6.84063073656,-75.2075285784,1
05315,05315300106,257,24.6314062865,053153001,6.8156912346,-75.2523337208,1
05318,05318300201,1590,22.3777009702,053183002,6.31137151229,-75.4042512634,1
05318,05318300202,3399,24.3433161171,053183002,6.29847626095,-75.4341929552,1
05318,05318300203,3576,21.9065977332,053183002,6.29232038882,-75.4725580381,1
05318,05318300204,1715,21.4877773834,053183002,6.2560786971,-75.4612620426,1
05318,05318300205,3341,20.1829137789,053183002,6.24933003544,-75.4039469777,1
05318,05318300206,2719,20.2587083762,053183002,6.22616614355,-75.4213615566,1
05318,05318300207,1494,19.0140840682,053183002,6.21712613441,-75.4643078061,1
05321,05321300101,21,13.6769550593,053213001,6.30540845946,-75.1387071656,1
05321,05321300102,22,21.173576502,053213001,6.26883305984,-75.1694449412,1
05321,05321300103,253,24.396765149,053213001,6.21826117834,-75.1459560885,1
05321,05321300104,429,22.9639648687,053213001,6.21874196331,-75.1736371337,1
05347,05347300101,270,20.6477891235,053473001,6.24023520367,-75.7939610487,1
05347,05347300102,172,19.0003357001,053473001,6.23014038466,-75.7464390145,1
05347,05347300103,46,17.5778797884,053473001,6.24329639648,-75.7233750086,1
05347,05347300104,152,17.9091019313,053473001,6.1840005651,-75.7111835082,1
05347,05347300105,195,21.6803477938,053473001,6.18532312202,-75.7395300765,1
05347,05347300106,283,16.9832151281,053473001,6.2059384933,-75.7811189082,1
05353,05353300101,70,14.8447331851,053533001,5.8204365787,-75.8923528055,1
05353,05353300102,245,22.7062695888,053533001,5.78664651754,-75.9266343131,1
05353,05353300103,248,15.9445007434,053533001,5.78323492852,-75.8910317236,1
05360,05360300101,520,5.77784203608,053603001,6.18659832002,-75.6197631743,1
05361,05361300101,5,28.899905383,053613001,7.40743867844,-75.8033875219,1
05361,05361300102,8,19.6013545824,053613001,7.38786331816,-75.7373600941,1
05361,05361300103,0,19.3155675032,053613001,7.36305343882,-75.7714317149,1
05361,05361300104,19,20.861300341,053613001,7.34101518039,-75.7389724123,1
05361,05361300201,15,25.8106595621,053613002,7.38737169361,-75.6924496473,1
05361,05361300202,53,26.8977450706,053613002,7.37961277301,-75.6661827816,1
05361,05361300203,59,21.4243890485,053613002,7.33054976547,-75.7083949149,1
05361,05361300204,98,23.7691236315,053613002,7.31019311663,-75.6864958317,1
05361,05361300205,99,19.4602800953,053613002,7.26135892767,-75.7138203311,1
05361,05361300301,23,23.3430563785,053613003,7.37437687016,-75.6251086016,1
05361,05361300302,29,32.2837084873,053613003,7.39495595311,-75.6024416141,1
05361,05361300303,26,18.761541093,053613003,7.34679634397,-75.6381051002,1
05361,05361300304,43,23.1308371093,053613003,7.3483631589,-75.5702896395,1
05361,05361300305,136,21.3860900942,053613003,7.30849757141,-75.6023005992,1
05361,05361300401,62,17.4422947539,053613004,7.31806175064,-75.5593019281,1
05361,05361300402,9,19.6350839588,053613004,7.28599826095,-75.5187479481,1
05361,05361300403,33,17.8552681401,053613004,7.26321405819,-75.4966706624,1
05361,05361300404,46,21.0761823243,053613004,7.24641835979,-75.4792432885,1
05361,05361300405,4,19.7095156369,053613004,7.34299878097,-75.5302054504,1
05361,05361300501,86,17.5084705771,053613005,7.27963934471,-75.5715963214,1
05361,05361300502,29,19.3552314582,053613005,7.22497778053,-75.6023995658,1
05361,05361300503,7,18.5795927304,053613005,7.20093755234,-75.5976625886,1
05361,05361300504,51,17.7909131799,053613005,7.23150499838,-75.5608971566,1
05361,05361300505,49,23.8641544706,053613005,7.23974572042,-75.5365947353,1
05361,05361300601,33,16.8063851018,053613006,7.29102561468,-75.6699479108,1
05361,05361300602,86,19.7811047919,053613006,7.30637691388,-75.6382187632,1
05361,05361300603,61,18.7378094978,053613006,7.26612105271,-75.6415969644,1
05361,05361300604,13,22.3122742611,053613006,7.2372069526,-75.6565925834,1
05361,05361300605,35,21.457336622,053613006,7.25327902977,-75.6061435099,1
05361,05361300701,34,21.9909766788,053613007,7.35266405937,-75.8283886825,1
05361,05361300702,54,18.8630244215,053613007,7.34598035583,-75.8101132484,1
05361,05361300703,13,22.2176352949,053613007,7.31855547511,-75.795256627,1
05361,05361300704,16,21.7905420334,053613007,7.30045476548,-75.7717929627,1
05361,05361300705,121,19.4461584353,053613007,7.28456520288,-75.7405200124,1
05361,05361300801,41,18.5574626599,053613008,7.29581010967,-75.8412787463,1
05361,05361300802,123,21.4888697251,053613008,7.26502922678,-75.8439353165,1
05361,05361300803,163,22.7693216919,053613008,7.24715622454,-75.801688745,1
05361,05361300804,127,23.3006176804,053613008,7.23683160806,-75.7749900192,1
05361,05361300805,97,18.2598109686,053613008,7.23958873941,-75.7539549245,1
05361,05361300901,71,20.9767129502,053613009,7.22768631571,-75.7146209712,1
05361,05361300902,12,20.813725581,053613009,7.2115551535,-75.6880961226,1
05361,05361300903,54,19.7190050836,053613009,7.19139414172,-75.6413020396,1
05361,05361300904,27,19.2297554769,053613009,7.16070956444,-75.6824689838,1
05361,05361300905,54,21.6181883505,053613009,7.16085276321,-75.6491753365,1
05361,05361301001,33,27.1697408053,053613010,7.14538537745,-75.7369342501,1
05361,05361301002,10,19.9537601844,053613010,7.17042944878,-75.7114124879,1
05361,05361301003,34,19.2601392981,053613010,7.11176027328,-75.7202975175,1
05361,05361301004,12,23.0809918088,053613010,7.10888300553,-75.6900894942,1
05361,05361301101,29,15.6258799102,053613011,7.11710194121,-75.8598362924,1
05361,05361301102,75,23.8211815507,053613011,7.11748893612,-75.8203167245,1
05361,05361301103,250,17.9490183994,053613011,7.15194164964,-75.795567308,1
05361,05361301104,153,21.0443447133,053613011,7.1396874768,-75.7666835886,1
05361,05361301105,14,19.0261625682,053613011,7.08195120247,-75.7875273865,1
05361,05361301106,33,18.6010697137,053613011,7.09323419102,-75.7634931418,1
05361,05361301201,112,20.3210441364,053613012,7.22909542403,-75.8525425712,1
05361,05361301202,160,23.4219644858,053613012,7.18513694899,-75.8634977406,1
05361,05361301203,198,16.9653496413,053613012,7.20690622321,-75.823891869,1
05361,05361301204,43,16.2603316428,053613012,7.18018859546,-75.8131777722,1
05361,05361301205,202,19.9389753727,053613012,7.18719257985,-75.770222407,1
05361,05361301206,22,18.091646029,053613012,7.15423665807,-75.847224235,1
05361,05361301301,0,20.4878501565,053613013,7.26006172092,-75.9541864263,1
05361,05361301302,47,20.6956977203,053613013,7.27505394237,-75.9305854146,1
05361,05361301303,8,19.749138404,053613013,7.24629401483,-75.8889206692,1
05361,05361301304,0,19.1179546916,053613013,7.2204693756,-75.9209702535,1
05361,05361301401,0,22.1013550095,053613014,7.21911021376,-75.9942514495,1
05361,05361301402,0,21.366083325,053613014,7.21037980159,-75.9536680649,1
05361,05361301403,0,20.4635683618,053613014,7.16693170918,-75.9984108216,1
05361,05361301404,0,22.8799817846,053613014,7.17049339643,-75.9702016656,1
05361,05361301501,0,22.4569319118,053613015,7.2747606761,-76.0359326262,1
05361,05361301502,0,23.3983146827,053613015,7.22704485845,-76.037629701,1
05361,05361301503,0,21.8379937936,053613015,7.18407412348,-76.0365197276,1
05361,05361301504,0,20.1522490788,053613015,7.20817179216,-76.0721946226,1
05361,05361301505,0,16.9119405715,053613015,7.17382827521,-76.0920481859,1
05361,05361301601,10,17.0509945951,053613016,7.27413706176,-76.1055494087,1
05361,05361301602,0,20.7001155264,053613016,7.25487044609,-76.0763454655,1
05361,05361301603,0,25.8300852119,053613016,7.22620841446,-76.1173741994,1
05361,05361301604,0,28.0304205842,053613016,7.17676625209,-76.1462112321,1
05361,05361301605,0,20.4551780117,053613016,7.17317074681,-76.1161714289,1
05361,05361301701,0,11.9527255446,053613017,7.35858627278,-76.0655586193,1
05361,05361301702,0,30.8509995404,053613017,7.34529183616,-76.1105022907,1
05361,05361301703,0,16.1680303469,053613017,7.3071890128,-76.1037615535,1
05361,05361301704,0,28.5508813078,053613017,7.31485168568,-76.0631811453,1
05361,05361301801,0,17.3609936646,053613018,7.34875039512,-76.0053384448,1
05361,05361301802,0,17.4776097914,053613018,7.3290892906,-76.0142096078,1
05361,05361301803,0,17.4402484088,053613018,7.31121341252,-75.9685295529,1
05361,05361301804,0,18.9132011555,053613018,7.30142180947,-76.0066342032,1
05361,05361301805,0,25.495936525,053613018,7.26106729713,-75.9929801039,1
05361,05361301901,0,14.1246423449,053613019,7.3376679021,-75.9495479433,1
05361,05361301902,0,23.129002413,053613019,7.32323015663,-75.9228524579,1
05361,05361301903,0,11.8195817989,053613019,7.33460167688,-75.8889092393,1
05361,05361301904,0,15.5830758421,053613019,7.32264576313,-75.863753922,1
05361,05361301905,5,23.3502527047,053613019,7.29095718816,-75.8918642117,1
05361,05361302401,0,16.0904774606,053613024,7.353363829,-76.2705563595,1
05361,05361302601,0,15.3738855761,053613026,7.37739868032,-76.3451044557,1
05361,05361302602,0,27.6931836793,053613026,7.36149613479,-76.3109402049,1
05361,05361302603,0,24.6808324772,053613026,7.32160432897,-76.3053061587,1
05361,05361302604,0,0.711859953552,053613026,7.29150699633,-76.3084352581,1
05361,05361302701,0,26.2487791506,053613027,7.3478470525,-76.2418846539,1
05361,05361302702,0,27.7744738638,053613027,7.29685594053,-76.2669130559,1
05361,05361302703,0,27.313773683,053613027,7.31650153038,-76.217068522,1
05361,05361302801,0,31.6594006767,053613028,7.35959047824,-76.1838330895,1
05361,05361302802,0,26.2052865218,053613028,7.32295421817,-76.1594702733,1
05361,05361302901,0,19.6920408359,053613029,7.27055069002,-76.2118763646,1
05361,05361302902,11,22.7744996288,053613029,7.28228160013,-76.1781164337,1
05361,05361302903,0,16.6773267413,053613029,7.28935973108,-76.137198667,1
05361,05361302904,0,20.6597049219,053613029,7.23498910777,-76.1869784844,1
05361,05361302905,0,17.3736813506,053613029,7.25116726142,-76.1504289555,1
05361,05361303001,0,28.2326193872,053613030,7.255083813,-76.2605412303,1
05361,05361303002,0,19.1035355599,053613030,7.22697231647,-76.2355426046,1
05361,05361303003,0,23.242085195,053613030,7.18974207647,-76.2188966128,1
05361,05361303004,0,19.4943384426,053613030,7.20120127516,-76.1790643511,1
05361,05361303005,0,29.7062786512,053613030,7.16083357072,-76.1838111354,1
05361,05361303006,0,1.32250963464,053613030,7.25703544463,-76.2850245768,1
05361,05361303101,1,21.8065457881,053613031,7.50264590378,-75.761083165,1
05361,05361303102,8,23.9681832608,053613031,7.45388243596,-75.7758418876,1
05361,05361303103,5,28.7822292091,053613031,7.48420331876,-75.7224391355,1
05361,05361303104,14,33.6718413034,053613031,7.42685653962,-75.7519480237,1
05361,05361303105,13,14.0700656488,053613031,7.42817157064,-75.7158293833,1
05361,05361303201,0,18.0090418422,053613032,7.49382147725,-75.6598225557,1
05361,05361303202,2,27.263463754,053613032,7.51700174146,-75.6234432865,1
05361,05361303203,1,21.391474802,053613032,7.47020452755,-75.6506009174,1
05361,05361303204,8,29.2049526076,053613032,7.44629437252,-75.6668073975,1
05361,05361303205,97,12.858291,053613032,7.42077865719,-75.6836846674,1
05361,05361303301,0,30.2010630827,053613033,7.51974817459,-75.6776744948,1
05361,05361303302,0,32.9919576984,053613033,7.5432542121,-75.702001183,1
05361,05361303303,0,19.5693159827,053613033,7.58267917206,-75.7037352646,1
05361,05361303304,0,17.9142774056,053613033,7.57523863533,-75.7398650797,1
05361,05361303305,0,18.1401788127,053613033,7.54846078707,-75.7597587011,1
05361,05361303401,0,21.5094550732,053613034,7.56087864716,-75.6045095416,1
05361,05361303402,1,33.0035716389,053613034,7.51331586162,-75.580566866,1
05361,05361303403,0,21.250064339,053613034,7.45959514267,-75.5999305712,1
05361,05361303404,0,33.5344149184,053613034,7.44152418385,-75.5752961723,1
05361,05361303405,0,16.5483924532,053613034,7.41857830807,-75.5605849513,1
05361,05361303406,0,17.2600116629,053613034,7.56794438542,-75.6448239849,1
05364,05364300101,325,15.3337616259,053643001,5.60793915721,-75.8605353261,1
05364,05364300102,2,19.4009246439,053643001,5.62374179365,-75.8211954986,1
05364,05364300103,418,20.2872174002,053643001,5.5774442593,-75.849303577,1
05364,05364300104,91,25.2379999422,053643001,5.55077149648,-75.8258584516,1
05364,05364300105,13,12.0571199359,053643001,5.50351263576,-75.8740890641,1
05364,05364300106,107,19.6493291816,053643001,5.52404761633,-75.8514218876,1
05364,05364300107,217,3.42937506989,053643001,5.62540032788,-75.8717987457,1
05364,05364300201,118,23.308362668,053643002,5.59820887333,-75.7796785288,1
05364,05364300202,15,18.0292702759,053643002,5.62924040242,-75.7797472773,1
05364,05364300203,10,16.1035950307,053643002,5.56645758388,-75.7597257712,1
05364,05364300204,80,25.6015051189,053643002,5.54739570538,-75.8019709144,1
05364,05364300205,0,0.987057410509,053643002,5.55254304477,-75.7568689388,1
05368,05368300101,163,24.8543010803,053683001,5.82092325525,-75.7335731012,1
05368,05368300102,254,26.9205744792,053683001,5.82410998561,-75.7797175821,1
05368,05368300103,385,18.2227878139,053683001,5.78968323093,-75.7601506943,1
05368,05368300104,149,26.0857834886,053683001,5.79354513782,-75.7034865097,1
05368,05368300201,25,20.9145220023,053683002,5.72591453269,-75.7855353378,1
05368,05368300202,171,26.0405098654,053683002,5.74815096567,-75.8147492746,1
05368,05368300203,276,21.2237069096,053683002,5.75187922068,-75.7700756739,1
05368,05368300204,9,21.5922352417,053683002,5.69247254488,-75.7974800283,1
05368,05368300205,278,17.5206903115,053683002,5.75772037808,-75.7358287865,1
05376,05376300101,855,17.3774485826,053763001,6.05110854855,-75.4214292653,1
05376,05376300102,697,17.3525530835,053763001,6.0295955468,-75.3826940893,1
05376,05376300103,480,16.95560561,053763001,6.00217703615,-75.450675863,1
05376,05376300104,495,21.7874111932,053763001,6.0075323793,-75.4146423022,1
05376,05376300105,786,17.1152378409,053763001,5.95876216252,-75.4814127805,1
05376,05376300106,465,20.3971073684,053763001,5.96097521536,-75.4406839317,1
05376,05376300107,214,17.1963309007,053763001,5.92928413642,-75.4284675099,1
05380,05380300101,187,3.87583924987,053803001,6.16206898632,-75.6661738128,1
05380,05380300102,779,5.17202052994,053803001,6.12298025415,-75.6462779142,1
05380,05380300103,216,4.84589958729,053803001,6.1204405633,-75.6221293851,1
05380,05380300104,322,4.67002245224,053803001,6.15139592773,-75.6566718678,1
05380,05380300105,89,4.34262151461,053803001,6.14076780117,-75.6643242494,1
05380,05380300106,26,5.62730720848,053803001,6.12651172031,-75.6610770072,1
05390,05390300102,19,11.4272635312,053903001,5.79137770279,-75.6027213202,1
05390,05390300103,96,22.2773483292,053903001,5.75585025784,-75.593779254,1
05390,05390300105,167,18.7659490902,053903001,5.70880893385,-75.6114410063,1
05400,05400300101,271,21.2510879904,054003001,5.97570968585,-75.3948084802,1
05400,05400300102,330,22.0974352668,054003001,5.946182351,-75.3748798839,1
05400,05400300103,418,18.9512676162,054003001,6.00690382735,-75.3574264461,1
05400,05400300104,306,19.2489340897,054003001,5.96190956305,-75.3396125498,1
05400,05400300105,144,20.4168152486,054003001,5.9139805331,-75.2988793442,1
05400,05400300201,195,22.9387522852,054003002,5.90961794244,-75.3910116778,1
05400,05400300202,246,21.4545517834,054003002,5.9054661983,-75.3488372592,1
05400,05400300203,290,20.1726745527,054003002,5.91144906847,-75.3200305276,1
05411,05411300101,23,24.4371543789,054113001,6.75651763565,-75.8430822167,1
05411,05411300102,275,25.1074701862,054113001,6.75196593625,-75.8087329567,1
05411,05411300103,55,24.8023344522,054113001,6.77325966433,-75.7688148494,1
05411,05411300104,248,23.1574562685,054113001,6.71661758435,-75.7922250176,1
05411,05411300105,21,20.0333071998,054113001,6.69678883681,-75.8315375856,1
05411,05411300201,145,22.7609156527,054113002,6.75665651009,-75.7381008937,1
05411,05411300202,403,23.902577504,054113002,6.71377694393,-75.7424897591,1
05411,05411300203,294,25.9885543648,054113002,6.67127605243,-75.7407551619,1
05411,05411300204,301,25.4099956512,054113002,6.67992263665,-75.7880090443,1
05425,05425300101,213,26.392850244,054253001,6.57682794037,-74.7710111893,1
05425,05425300102,330,23.8752670994,054253001,6.58775586105,-74.7185376565,1
05425,05425300103,103,25.6738734869,054253001,6.56414526281,-74.7044659054,1
05425,05425300104,22,13.3604406143,054253001,6.61531473441,-74.7038731163,1
05425,05425300105,72,15.6740795502,054253001,6.61440222726,-74.7443649767,1
05425,05425300201,15,23.7200043923,054253002,6.63317222451,-74.5986913983,1
05425,05425300202,79,32.7997232544,054253002,6.60299778735,-74.6392974068,1
05425,05425300203,38,28.3019786098,054253002,6.56309742757,-74.6597037183,1
05425,05425300204,40,22.2663988652,054253002,6.53208808064,-74.6444371971,1
05425,05425300301,102,20.2032705274,054253003,6.53497401065,-74.7588311131,1
05425,05425300302,90,20.0564738099,054253003,6.52415488397,-74.6995192995,1
05425,05425300303,211,16.733383878,054253003,6.50239810295,-74.7392665704,1
05425,05425300304,320,19.6970207687,054253003,6.49176765236,-74.6948634513,1
05425,05425300305,33,22.8999886509,054253003,6.48511225424,-74.6596624192,1
05425,05425300402,144,23.0917042159,054253004,6.5331047251,-74.8383516122,1
05425,05425300403,197,26.2554931798,054253004,6.52840457212,-74.7986032505,1
05425,05425300404,47,22.3200966481,054253004,6.47427022545,-74.7973596386,1
05425,05425300405,97,24.8721924078,054253004,6.47482059836,-74.7667132342,1
05425,05425300406,140,20.0959613198,054253004,6.42496393871,-74.7426298148,1
05425,05425300407,197,25.9063558339,054253004,6.57722988731,-74.8173564117,1
05440,05440300101,1001,22.0224120275,054403001,6.23389367641,-75.2937241237,1
05440,05440300102,1369,19.0257756781,054403001,6.20170245351,-75.2698604044,1
05440,05440300103,2009,22.5835993484,054403001,6.17278163642,-75.2933346546,1
05440,05440300104,3535,23.9055631547,054403001,6.1412137456,-75.3297546785,1
05440,05440300105,1336,19.9646733937,054403001,6.19558993624,-75.3247806847,1
05467,05467300101,128,4.26990919949,054673001,5.96714824583,-75.5550195782,1
05467,05467300102,225,19.776064663,054673001,5.94248199083,-75.5333949167,1
05467,05467300103,258,26.1864670993,054673001,5.89352425756,-75.5254653418,1
05467,05467300104,168,25.2366187295,054673001,5.91188851722,-75.4969483321,1
05475,05475300301,0,31.3669122918,054753003,6.98150180144,-76.803969006,1
05475,05475300302,0,21.3067646993,054753003,7.00322589313,-76.755386852,1
05475,05475300303,9,14.4678705768,054753003,7.00508177292,-76.7092178114,1
05475,05475300304,0,16.9694557712,054753003,7.00167999007,-76.676904995,1
05475,05475300305,57,26.3825838106,054753003,6.98686863077,-76.6320356566,1
05475,05475300306,21,19.4897610994,054753003,6.9838851187,-76.5840514807,1
05475,05475300307,7,8.18299013979,054753003,6.98526061939,-76.6630991079,1
05475,05475300401,121,22.4866878595,054753004,6.94479764036,-76.596588187,1
05475,05475300402,0,10.6372431272,054753004,6.93238280817,-76.5665390928,1
05475,05475300403,0,14.9319819056,054753004,6.94063050428,-76.5352020542,1
05475,05475300404,0,22.9038322387,054753004,6.87857835764,-76.5740728026,1
05475,05475300405,8,13.5247042937,054753004,6.9167359920099996,-76.5438570879,1
05475,05475300406,0,7.56975364716,054753004,6.96445092063,-76.5549563561,1
05475,05475300407,0,1.44322674891,054753004,6.88960138838,-76.5503894692,1
05475,05475300501,0,19.059947639,054753005,6.95814367369,-76.6942662365,1
05475,05475300502,0,9.63872501837,054753005,6.94725828932,-76.6545500935,1
05475,05475300503,22,18.327914913,054753005,6.93258518918,-76.6274967875,1
05475,05475300504,0,14.4826859037,054753005,6.89925874865,-76.6056414403,1
05475,05475300505,0,7.68408541367,054753005,6.9007304816,-76.6289824298,1
05475,05475300506,0,3.17973015625,054753005,6.90997676948,-76.6511985543,1
05475,05475300507,0,11.8489937528,054753005,6.92158920787,-76.6765690518,1
05475,05475300508,0,4.30400715321,054753005,6.96016751551,-76.6715264063,1
05475,05475300601,0,23.0534877261,054753006,6.97010283679,-76.7555836827,1
05475,05475300602,3,20.3887227477,054753006,6.9432552465,-76.7489616801,1
05475,05475300603,11,33.0227628519,054753006,6.91823035171,-76.7547917846,1
05475,05475300604,0,29.2074843414,054753006,6.89472032056,-76.7354017973,1
05475,05475300605,0,7.85984283791,054753006,6.96275685277,-76.7224728385,1
05475,05475300901,0,29.6367628365,054753009,6.80738804371,-76.8909379562,1
05475,05475300902,0,23.3330573384,054753009,6.80419321628,-76.858669286,1
05475,05475300903,0,24.0640633855,054753009,6.81281177851,-76.8284765762,1
05475,05475300904,0,21.8403002704,054753009,6.75828595641,-76.8699057308,1
05475,05475301001,0,21.6877391177,054753010,6.81347810519,-76.7836453982,1
05475,05475301002,0,19.3903359991,054753010,6.80033088629,-76.7498179896,1
05475,05475301003,21,23.6311874618,054753010,6.78322921236,-76.7266074463,1
05475,05475301004,0,18.5201709652,054753010,6.78093716178,-76.6899940984,1
05475,05475301005,88,22.7517512688,054753010,6.77968626735,-76.6549893679,1
05475,05475301101,12,29.2269322745,054753011,6.85322179533,-76.7845124073,1
05475,05475301102,1,31.6392206731,054753011,6.83970220085,-76.7303260027,1
05475,05475301103,1,12.3601757256,054753011,6.88211965079,-76.7086657926,1
05475,05475301104,1,22.1195952261,054753011,6.82712289018,-76.6788021779,1
05475,05475301105,0,12.0658109207,054753011,6.86319716342,-76.6972924544,1
05475,05475301201,0,14.1153883686,054753012,6.88062560995,-76.6464702339,1
05475,05475301202,36,17.7026784487,054753012,6.86156409985,-76.6630190747,1
05475,05475301203,0,20.1107967129,054753012,6.85873707445,-76.6004922841,1
05475,05475301204,22,27.5837484931,054753012,6.82780177489,-76.6283701249,1
05475,05475301205,0,18.1955989753,054753012,6.80799014441,-76.5974267713,1
05475,05475301206,0,7.5311172553,054753012,6.9003246806,-76.6689477351,1
05475,05475301301,0,20.6519476513,054753013,6.74514976173,-76.7189797311,1
05475,05475301302,0,18.2829852444,054753013,6.73680607811,-76.6784602534,1
05475,05475301303,0,23.7354036484,054753013,6.70121138466,-76.6682590446,1
05475,05475301304,41,22.305249427,054753013,6.73325782882,-76.6353308567,1
05475,05475301305,10,24.7043164268,054753013,6.77202521573,-76.612932917,1
05475,05475301401,0,24.071692423,054753014,6.74393492778,-76.77575506,1
05475,05475301402,0,24.3879061316,054753014,6.71648340297,-76.7595554051,1
05475,05475301403,0,23.976445999,054753014,6.66745676902,-76.7413505857,1
05475,05475301404,0,13.1267306644,054753014,6.69103241752,-76.7604095588,1
05475,05475301501,72,28.1764480687,054753015,6.77495747411,-76.8072685053,1
05475,05475301502,0,32.6605386078,054753015,6.73220531267,-76.8259288748,1
05475,05475301503,0,25.2925969433,054753015,6.6873560508,-76.845380124,1
05475,05475301504,0,31.1404229572,054753015,6.67285882296,-76.7966987747,1
05475,05475301601,0,27.2284659872,054753016,6.68828839903,-76.7079490399,1
05475,05475301602,0,27.0229828645,054753016,6.66531572888,-76.6486159876,1
05475,05475301603,0,19.6248697689,054753016,6.69870629388,-76.6147128445,1
05475,05475301604,0,28.3460260622,054753016,6.66294226215,-76.5933709959,1
05480,05480300101,15,20.3994515096,054803001,7.52387331763,-76.5004669646,1
05480,05480300102,149,20.6699251212,054803001,7.51418320784,-76.5460670968,1
05480,05480300103,32,24.9570268888,054803001,7.47783502837,-76.5277292475,1
05480,05480300104,3,24.6619537866,054803001,7.48782093841,-76.4881274641,1
05480,05480300105,0,1.69493339363,054803001,7.50494874335,-76.4615455979,1
05480,05480300106,0,0.96275830254500006,054803001,7.53166756195,-76.4803900528,1
05480,05480300107,0,1.69476407084,054803001,7.54595497553,-76.4987553659,1
05480,05480300108,0,0.477922302723,054803001,7.52863823115,-76.5556171071,1
05480,05480300201,0,16.2083511599,054803002,7.45282828983,-76.4634742066,1
05480,05480300202,0,17.9888915162,054803002,7.43424837022,-76.4546953087,1
05480,05480300203,4,3.20308777439,054803002,7.42699867131,-76.496747112,1
05480,05480300204,2,10.0389036867,054803002,7.40769454613,-76.4753738968,1
05480,05480300205,27,22.2102516171,054803002,7.39252171941,-76.5079097292,1
05480,05480300206,2,5.30230020972,054803002,7.38834684347,-76.4789895386,1
05480,05480300207,70,16.9828812914,054803002,7.43718441692,-76.5227619501,1
05480,05480300208,1,9.49352865767,054803002,7.46421165727,-76.4794485687,1
05480,05480300301,68,23.8077754357,054803003,7.46591459151,-76.5758119067,1
05480,05480300302,39,24.7605055674,054803003,7.44284122774,-76.5944289406,1
05480,05480300303,53,27.4882146608,054803003,7.41261766012,-76.617368517,1
05480,05480300304,46,19.9735505049,054803003,7.41855222087,-76.5755075383,1
05480,05480300305,179,32.0794441255,054803003,7.38014390512,-76.5534426341,1
05480,05480300401,22,18.0320411309,054803004,7.36335482938,-76.5228216157,1
05480,05480300402,71,24.4811675749,054803004,7.33260177553,-76.5427358112,1
05480,05480300403,26,19.4528890616,054803004,7.31398101873,-76.5204661288,1
05480,05480300404,78,19.2363845229,054803004,7.30607363167,-76.5720223272,1
05480,05480300405,129,29.2397136167,054803004,7.26528427366,-76.5255328812,1
05480,05480300406,51,30.8035372912,054803004,7.24984981159,-76.4585653892,1
05480,05480300407,10,0.550867187349,054803004,7.32803872092,-76.5721529287,1
05480,05480300501,0,15.3173022006,054803005,7.37570106337,-76.446702241,1
05480,05480300502,198,25.6725741071,054803005,7.33237348521,-76.4726752791,1
05480,05480300503,0,29.1533772354,054803005,7.36870369902,-76.4177240805,1
05480,05480300504,31,25.6001856566,054803005,7.32081339343,-76.4396660917,1
05480,05480300505,1,28.1497724294,054803005,7.33957646199,-76.3940693725,1
05480,05480300506,0,22.3649136635,054803005,7.35075957514,-76.3589542205,1
05480,05480300507,0,16.582158956,054803005,7.41050977704,-76.435535077,1
05480,05480300601,16,11.7081484375,054803006,7.2828559814,-76.4119141322,1
05480,05480300602,0,15.7248228883,054803006,7.31585064714,-76.3815565958,1
05480,05480300603,74,18.2989634637,054803006,7.29839999225,-76.3616404576,1
05480,05480300604,0,21.1728371058,054803006,7.27187020302,-76.3534609805,1
05480,05480300605,0,11.5688281088,054803006,7.27574809829,-76.3143536845,1
05480,05480300606,33,8.13170608771,054803006,7.27259964275,-76.4345522772,1
05480,05480300701,15,24.1333841384,054803007,7.26480208026,-76.4801197394,1
05480,05480300702,24,15.4545705922,054803007,7.22750200426,-76.4647089429,1
05480,05480300703,11,23.1399594112,054803007,7.21042888816,-76.4941268612,1
05480,05480300704,66,30.006358693,054803007,7.16311185127,-76.4756807591,1
05480,05480300705,6,15.1876138141,054803007,7.19898626244,-76.4463802215,1
05480,05480300801,41,17.3336625313,054803008,7.25413826305,-76.3928786156,1
05480,05480300802,0,5.69335133403,054803008,7.21741184982,-76.3855540718,1
05480,05480300803,0,16.0273088475,054803008,7.21597504314,-76.3560124142,1
05480,05480300804,0,20.2014095145,054803008,7.24080996688,-76.3439085679,1
05480,05480300805,0,17.8553489114,054803008,7.23955624653,-76.2953444459,1
05480,05480300806,1,6.86096430054,054803008,7.19045415573,-76.3674846902,1
05480,05480300807,92,17.5087933091,054803008,7.21321107312,-76.4062285051,1
05480,05480300808,9,7.59153298159,054803008,7.24587672905,-76.4212268913,1
05480,05480300809,55,1.26025829873,054803008,7.20051265955,-76.4041880498,1
05480,05480300901,0,25.0545680633,054803009,7.20447891674,-76.3054394602,1
05480,05480300902,0,16.7550401402,054803009,7.1862136439,-76.3036775428,1
05480,05480300903,0,4.6770117218,054803009,7.18886667609,-76.3411943581,1
05480,05480300904,0,21.2036170258,054803009,7.16846239791,-76.2510304932,1
05480,05480300905,0,17.1032092504,054803009,7.17278467215,-76.2868753693,1
05480,05480301001,2,6.14484700745,054803010,7.45996208313,-76.6599944464,1
05480,05480301003,5,3.23910001449,054803010,7.41864258449,-76.6464723523,1
05480,05480301004,49,0.504744030942,054803010,7.35531989005,-76.6086376282,1
05480,05480301005,24,17.9806092426,054803010,7.38358602394,-76.616560247,1
05480,05480301006,1,3.66243545897,054803010,7.36418546185,-76.626391534,1
05480,05480301007,1,5.18882515744,054803010,7.3364413679,-76.6180649618,1
05480,05480301008,12,17.5293022257,054803010,7.34868503067,-76.593828016,1
05483,05483300101,29,18.8406270358,054833001,5.66162069059,-75.2442519214,1
05483,05483300102,174,17.4528374857,054833001,5.64516328476,-75.2028965871,1
05483,05483300103,202,19.3035325812,054833001,5.64558249657,-75.1418614849,1
05483,05483300201,338,24.3237759313,054833002,5.60037593703,-75.1964050524,1
05483,05483300202,295,26.6525377974,054833002,5.59395719622,-75.1518624137,1
05483,05483300203,233,21.0637044443,054833002,5.55817272991,-75.185328522,1
05483,05483300204,279,24.3626453948,054833002,5.54303389293,-75.1589397339,1
05483,05483300205,95,20.972965557,054833002,5.59589477441,-75.1139597841,1
05483,05483300206,165,23.7698498988,054833002,5.63564677497,-75.1136267392,1
05483,05483300301,198,20.911800188,054833003,5.62071901758,-75.2342259227,1
05483,05483300302,76,18.3120029498,054833003,5.59484824825,-75.2390658179,1
05483,05483300303,17,18.2052226523,054833003,5.5573802935,-75.2330594982,1
05483,05483300304,84,21.7045161024,054833003,5.52202065826,-75.2282763424,1
05483,05483300305,36,19.6897488777,054833003,5.49369674995,-75.252735341,1
05483,05483300306,0,20.1286998307,054833003,5.45702146135,-75.2691919019,1
05490,05490300101,26,21.7345899142,054903001,8.60012152385,-76.8609948228,1
05490,05490300102,8,21.1211742878,054903001,8.56957066333,-76.8759818315,1
05490,05490300103,9,22.755088067,054903001,8.54805007885,-76.9065405866,1
05490,05490300104,36,19.0290739829,054903001,8.55738464959,-76.8295172339,1
05490,05490300105,22,20.8915211009,054903001,8.53161684968,-76.8528800279,1
05490,05490300201,4,20.5867125103,054903002,8.61337056887,-76.8228232852,1
05490,05490300202,14,25.754559608,054903002,8.60912720849,-76.7723352807,1
05490,05490300203,18,21.8642940548,054903002,8.61550599034,-76.7400802692,1
05490,05490300204,20,20.1474077917,054903002,8.57613774194,-76.802382173,1
05490,05490300301,319,26.6342126908,054903003,8.66389517387,-76.6181796135,1
05490,05490300302,153,15.5545081134,054903003,8.6576052241,-76.6531384455,1
05490,05490300303,84,14.8869640275,054903003,8.64021942657,-76.7008726452,1
05490,05490300401,126,20.8813239746,054903004,8.61653506146,-76.6025167429,1
05490,05490300402,116,20.4768852591,054903004,8.6266185792,-76.6513771005,1
05490,05490300403,105,20.2642159587,054903004,8.60495608085,-76.6824610517,1
05490,05490300404,109,24.6460176841,054903004,8.57628170983,-76.65402124,1
05490,05490300405,66,19.3037713279,054903004,8.55613365803,-76.6905801163,1
05490,05490300501,86,20.4256536405,054903005,8.58732095563,-76.7202788159,1
05490,05490300502,125,22.538267322,054903005,8.54272202495,-76.7260618437,1
05490,05490300503,123,20.6137752035,054903005,8.50663701876,-76.6999396178,1
05490,05490300504,165,20.735411057,054903005,8.48525554676,-76.731485215,1
05490,05490300601,73,21.5369812886,054903006,8.55343554905,-76.7638240975,1
05490,05490300602,9,22.1112171446,054903006,8.53052870749,-76.7929813601,1
05490,05490300603,130,29.6482345664,054903006,8.49372647517,-76.7649861179,1
05490,05490300604,172,24.8725390324,054903006,8.48293111694,-76.8029518967,1
05490,05490300701,83,21.8908771428,054903007,8.44086052636,-76.754160517,1
05490,05490300702,65,16.8474423809,054903007,8.45729377724,-76.7057994902,1
05490,05490300703,159,12.4504308002,054903007,8.47988553738,-76.6741903698,1
05490,05490300704,126,20.1998812778,054903007,8.44653366144,-76.6657003551,1
05490,05490300801,239,22.4797610011,054903008,8.56640970073,-76.6168233037,1
05490,05490300802,56,22.391441289,054903008,8.5307849162,-76.655681327,1
05490,05490300803,218,20.843973832,054903008,8.51518795903,-76.6150082559,1
05490,05490300804,126,20.989915454,054903008,8.49044123519,-76.6410646762,1
05490,05490300901,95,20.0823242103,054903009,8.58408090855,-76.5835449799,1
05490,05490300902,162,21.7963435658,054903009,8.53701627321,-76.5528505967,1
05490,05490300903,180,21.7194391321,054903009,8.52394286254,-76.5835999876,1
05490,05490300904,172,25.7538545372,054903009,8.46567782831,-76.6043153391,1
05490,05490300905,160,26.7106996784,054903009,8.48481726472,-76.5554873055,1
05490,05490300906,60,22.1804700164,054903009,8.49389871221,-76.5140772001,1
05490,05490300907,1,0.799904771445,054903009,8.54259252252,-76.5726724787,1
05490,05490300908,0,0.138524595637,054903009,8.54896962652,-76.5571288851,1
05490,05490300909,4,0.690161697105,054903009,8.52623474166,-76.5519795444,1
05490,05490300910,82,1.22571839122,054903009,8.52595337434,-76.534796531,1
05490,05490301101,124,27.2976379639,054903011,8.40844625063,-76.6079091457,1
05490,05490301102,78,25.3296314653,054903011,8.4257779899,-76.5798933095,1
05490,05490301103,26,22.0322070546,054903011,8.44018321522,-76.542243719,1
05490,05490301104,35,18.5957181336,054903011,8.4670835627,-76.5053786296,1
05490,05490301105,0,13.4619530297,054903011,8.43165335094,-76.4526372872,1
05490,05490301106,1,20.3137902392,054903011,8.42655937738,-76.4890473963,1
05490,05490301107,7,20.5084253915,054903011,8.40472501888,-76.5197337282,1
05490,05490301108,0,25.9225555907,054903011,8.3861413852,-76.4624514472,1
05490,05490301201,157,21.2686920119,054903012,8.39442212571,-76.7391741645,1
05490,05490301202,74,26.2218920152,054903012,8.41661262983,-76.70973196,1
05490,05490301203,143,22.5980101301,054903012,8.41765134896,-76.6559082497,1
05490,05490301204,116,25.4606174524,054903012,8.38566370091,-76.6512680343,1
05490,05490301205,22,25.5056293168,054903012,8.36192624347,-76.7032181424,1
05490,05490301206,255,19.3471253522,054903012,8.35196014907,-76.7398761415,1
05490,05490301207,47,31.5784079822,054903012,8.34041494762,-76.6591550042,1
05490,05490301208,59,11.7839451501,054903012,8.36222833479,-76.628310937,1
05490,05490301209,16,8.7387611987,054903012,8.31498708872,-76.6811852576,1
05490,05490301210,23,16.2775232609,054903012,8.31457311093,-76.7199773465,1
05490,05490301211,91,7.34947956095,054903012,8.30277544048,-76.746414976,1
05490,05490301212,75,13.8860263007,054903012,8.2808964176,-76.7448524405,1
05490,05490301213,9,8.13986663366,054903012,8.29064063662,-76.6996223831,1
05495,05495300201,30,23.9134149637,054953002,8.18075016879,-74.8437767757,1
05495,05495300202,46,24.9569554318,054953002,8.13115948186,-74.8466820375,1
05495,05495300203,9,22.2554888612,054953002,8.11226355896,-74.8794659385,1
05495,05495300204,21,20.931245233,054953002,8.06837454221,-74.8980656011,1
05495,05495300301,23,20.2802045559,054953003,8.14410744623,-74.8113412762,1
05495,05495300302,8,13.1314194452,054953003,8.11131657617,-74.8030302225,1
05495,05495300303,49,24.667613433,054953003,8.08145262668,-74.8074623095,1
05495,05495300304,49,22.9584489003,054953003,8.07880339774,-74.854207723,1
05495,05495300401,50,27.3072471068,054953004,7.99817360403,-74.913986953,1
05495,05495300402,3,24.4086709357,054953004,8.03005462306,-74.8881507973,1
05495,05495300403,10,23.3205898548,054953004,8.03065451741,-74.8466709297,1
05495,05495300404,15,21.3091607685,054953004,8.02608664519,-74.8115115416,1
05495,05495300405,18,17.9674584419,054953004,8.06605638943,-74.7803767054,1
05495,05495300501,85,25.5959632684,054953005,7.96297025726,-74.8950962374,1
05495,05495300502,89,25.6539674584,054953005,7.98406774091,-74.8467418516,1
05495,05495300503,14,17.7131714552,054953005,7.93502684498,-74.8693301757,1
05495,05495300504,117,18.726723293,054953005,7.95757091808,-74.8325413862,1
05495,05495300601,1,22.2156772362,054953006,7.87452426065,-74.9194801386,1
05495,05495300602,5,22.5734558943,054953006,7.87944554218,-74.8904171902,1
05495,05495300603,40,22.9947966501,054953006,7.91143570342,-74.8431647945,1
05495,05495300604,7,22.073454834,054953006,7.8726824147,-74.8575219146,1
05495,05495300605,24,17.1507755315,054953006,7.88161502057,-74.8194789502,1
05495,05495300701,12,23.0696209506,054953007,7.82484614015,-74.8987695544,1
05495,05495300702,30,22.4745355331,054953007,7.83982281046,-74.8429820023,1
05495,05495300703,70,30.7850494328,054953007,7.79695044208,-74.8493286099,1
05495,05495300704,26,23.5833289247,054953007,7.81846485247,-74.8112494157,1
05495,05495300801,222,21.6221866471,054953008,8.1085659009,-74.7531451792,1
05495,05495300802,18,15.3357602279,054953008,8.07866107788,-74.7014810337,1
05495,05495300803,81,24.6268517383,054953008,8.04404218503,-74.6849808438,1
05495,05495300804,50,19.1330345641,054953008,8.03290048459,-74.6431873787,1
05495,05495300805,78,22.8931732312,054953008,7.99059236174,-74.6309857252,1
05495,05495300806,2,21.7202717672,054953008,7.99696524333,-74.6010078693,1
05495,05495300807,1,24.5370578041,054953008,7.94676212871,-74.6034851467,1
05495,05495300901,72,20.6593199926,054953009,8.04748710561,-74.7640795727,1
05495,05495300902,83,18.0826909934,054953009,8.05766089758,-74.7322540638,1
05495,05495300903,70,18.4781670113,054953009,7.99008613783,-74.6714538665,1
05495,05495300904,36,20.7148243383,054953009,7.93682099628,-74.646986295,1
05495,05495300905,65,18.6837763355,054953009,7.96475191416,-74.6702646329,1
05495,05495300906,61,17.2970947422,054953009,8.01799539241,-74.7010819049,1
05495,05495301001,55,16.2125855564,054953010,7.99222842121,-74.7748742821,1
05495,05495301002,88,32.4482263193,054953010,7.98649154282,-74.7442072589,1
05495,05495301003,53,22.2360473595,054953010,7.98593472275,-74.7153506109,1
05495,05495301004,67,17.3759187485,054953010,7.93856981362,-74.7001638921,1
05501,05501300101,221,25.4608977143,055013001,6.64026486461,-75.7923312319,1
05501,05501300102,3,20.6343375735,055013001,6.63322475379,-75.7444152361,1
05501,05501300103,268,23.6762489637,055013001,6.59999465588,-75.7831864713,1
05501,05501300104,209,16.8334063606,055013001,6.55730707507,-75.7779950614,1
05541,05541300101,135,6.32680070376,055413001,6.30845064155,-75.2262641104,1
05541,05541300102,70,9.17796707148,055413001,6.26245596134,-75.2002446819,1
05541,05541300103,1005,22.8141060968,055413001,6.26982437556,-75.223159713,1
05541,05541300104,799,13.6845220989,055413001,6.25414876607,-75.2503600779,1
05541,05541300105,1279,14.2632016287,055413001,6.22266909018,-75.2079045819,1
05541,05541300201,1484,16.5885578692,055413002,6.22666809009,-75.2477403892,1
05541,05541300202,750,14.4862514026,055413002,6.18225527075,-75.2339949653,1
05541,05541300203,1183,19.7104209772,055413002,6.18505673213,-75.1972416631,1
05543,05543300101,31,25.3444989163,055433001,7.18932543874,-75.9018986269,1
05543,05543300102,1,26.0107898189,055433001,7.14782247547,-75.9400109105,1
05543,05543300103,34,21.877931788,055433001,7.14365116834,-75.8973481244,1
05543,05543300104,7,25.0401548281,055433001,7.09622277845,-75.9463378059,1
05543,05543300105,7,16.7781708461,055433001,7.10452397245,-75.9115467215,1
05543,05543300106,78,22.0359494528,055433001,7.05096037681,-75.9404162929,1
05543,05543300107,262,20.3692989704,055433001,7.02397106783,-75.9504010648,1
05543,05543300201,246,23.6464277974,055433002,7.07742465573,-75.896214575,1
05543,05543300202,172,30.6976324742,055433002,7.07397508406,-75.8559731234,1
05543,05543300203,270,24.3467711184,055433002,7.03246020725,-75.882241873,1
05543,05543300204,72,20.3735564124,055433002,7.06255307147,-75.8225264786,1
05543,05543300205,10,25.4284879775,055433002,7.03127137038,-75.8142462082,1
05543,05543300301,94,21.1277484059,055433003,6.98980149205,-75.9496888959,1
05543,05543300302,153,21.1854025162,055433003,6.99137812758,-75.9113262783,1
05543,05543300303,142,20.0700771324,055433003,6.98661507305,-75.8769648823,1
05543,05543300304,51,22.1668410681,055433003,6.995501232,-75.8400001513,1
05543,05543300305,114,22.6240861999,055433003,6.95426723587,-75.8519120698,1
05543,05543300306,184,22.9056610417,055433003,6.93644501963,-75.8787802087,1
05543,05543300307,81,21.3835585691,055433003,6.90125270542,-75.8497579281,1
05576,05576300101,77,21.8752903298,055763001,5.8646060908,-75.8942144479,1
05576,05576300102,1157,24.6008128143,055763001,5.80882345822,-75.8519683916,1
05576,05576300103,940,28.0425530597,055763001,5.76839426593,-75.8430946713,1
05576,05576300104,30,0.188981897347,055763001,5.76669892198,-75.8358502876,1
05579,05579300101,30,21.2123004418,055793001,6.56891323653,-74.5846587356,1
05579,05579300102,70,28.7306075264,055793001,6.52890091237,-74.6126543835,1
05579,05579300103,26,21.7407101979,055793001,6.53000160229,-74.5683080857,1
05579,05579300104,54,17.6265232578,055793001,6.47739921009,-74.6258825369,1
05579,05579300105,37,16.6176694568,055793001,6.49375949198,-74.5851640862,1
05579,05579300106,31,24.4044471497,055793001,6.47626724482,-74.5554353573,1
05579,05579300201,23,31.1523904368,055793002,6.59279806783,-74.5601998548,1
05579,05579300202,22,26.5129239637,055793002,6.60367684778,-74.4925954199,1
05579,05579300203,5,18.766111698,055793002,6.5821989451,-74.5052666996,1
05579,05579300204,9,18.1444411355,055793002,6.55062912806,-74.5321456587,1
05579,05579300301,31,33.4200121245,055793003,6.69211550093,-74.4794387651,1
05579,05579300302,29,27.7301155586,055793003,6.6385965618,-74.5319894381,1
05579,05579300303,35,30.0077117235,055793003,6.64068980871,-74.48309568,1
05579,05579300401,24,23.6865464967,055793004,6.72114078326,-74.4325805513,1
05579,05579300402,21,26.5380912264,055793004,6.68461416287,-74.4218551663,1
05579,05579300403,38,33.4890627603,055793004,6.64682816303,-74.4176346158,1
05579,05579300404,57,20.3793147037,055793004,6.62296944118,-74.4392700492,1
05579,05579300501,11,18.886077385,055793005,6.59937955626,-74.401834972,1
05579,05579300502,7,17.1502845331,055793005,6.5798263861,-74.4419842913,1
05579,05579300503,26,12.2422499377,055793005,6.54924798904,-74.4551505221,1
05579,05579300504,31,24.6338075799,055793005,6.53814285199,-74.4838527836,1
05579,05579300505,17,20.2861642743,055793005,6.5237969198,-74.516792776,1
05579,05579300601,40,28.2259943237,055793006,6.52939135415,-74.4227084232,1
05579,05579300602,17,17.1716377908,055793006,6.47566387096,-74.4317192785,1
05579,05579300603,39,30.7895138799,055793006,6.46953747301,-74.4764900875,1
05579,05579300604,83,22.0652724281,055793006,6.47734167347,-74.5186385671,1
05579,05579300605,36,19.4130013393,055793006,6.49954488576,-74.4525844274,1
05579,05579300701,100,29.2405361573,055793007,6.46236222325,-74.7174986788,1
05579,05579300702,64,24.2723114118,055793007,6.42138960434,-74.7021391531,1
05579,05579300703,48,18.9163894906,055793007,6.42475559895,-74.6697002151,1
05579,05579300704,53,24.9864166768,055793007,6.42711559557,-74.6376791855,1
05579,05579300801,24,17.7653391069,055793008,6.45293774131,-74.5964392825,1
05579,05579300802,57,26.6872843817,055793008,6.41228373492,-74.6017713196,1
05579,05579300803,23,22.1757057569,055793008,6.42041292768,-74.5627220744,1
05579,05579300804,9,20.9535531641,055793008,6.42266138328,-74.5327250799,1
05579,05579300901,76,26.6230537603,055793009,6.36547555791,-74.6710590286,1
05579,05579300902,33,19.559550329,055793009,6.37272498369,-74.6365630506,1
05579,05579300903,28,33.851692304,055793009,6.32166615551,-74.6195851927,1
05579,05579300904,36,30.8465005686,055793009,6.28044208253,-74.5820457251,1
05579,05579301001,7,21.6284930472,055793010,6.375099278,-74.4595703465,1
05579,05579301002,6,18.6322755672,055793010,6.36614733826,-74.5125339943,1
05579,05579301003,6,18.6662722969,055793010,6.33168013695,-74.5129423258,1
05579,05579301004,1,19.3110199366,055793010,6.3378018015,-74.4702827999,1
05579,05579301101,15,29.2532569076,055793011,6.42981880427,-74.4792727593,1
05579,05579301102,19,20.6897304451,055793011,6.43944831171,-74.4145503692,1
05579,05579301103,16,33.0025005952,055793011,6.39939542161,-74.4884418225,1
05579,05579301104,10,25.607709487,055793011,6.41097291107,-74.4023989263,1
05579,05579301201,27,20.2682681346,055793012,6.36106489737,-74.5924054355,1
05579,05579301202,29,26.0850288658,055793012,6.36898400046,-74.5609388135,1
05579,05579301203,10,30.9011320219,055793012,6.31946225239,-74.5604286128,1
05579,05579301204,6,21.1920189624,055793012,6.29534022911,-74.5179027729,1
05585,05585300101,21,23.8815283349,055853001,6.24634135762,-74.694008917,1
05585,05585300102,41,22.157672982,055853001,6.20131879551,-74.7043023123,1
05585,05585300103,71,17.8351363882,055853001,6.16140814706,-74.6894626175,1
05585,05585300104,47,20.0771285532,055853001,6.1624901228,-74.7239817948,1
05585,05585300105,87,19.010300477,055853001,6.18975984719,-74.7591720526,1
05585,05585300106,42,18.9822996857,055853001,6.15833240755,-74.7679372563,1
05585,05585300107,35,16.9352043463,055853001,6.13092835393,-74.8021251314,1
05585,05585300201,54,17.037270774,055853002,6.24783528665,-74.5660065165,1
05585,05585300202,45,15.6097983392,055853002,6.22574244398,-74.5945346441,1
05585,05585300203,63,18.6402306868,055853002,6.24900729327,-74.6200968137,1
05585,05585300204,53,22.9923422318,055853002,6.24115118738,-74.6628663704,1
05585,05585300205,14,21.0844240698,055853002,6.2012355164,-74.6518667397,1
05585,05585300206,11,18.1146307236,055853002,6.1634893189,-74.6554739407,1
05585,05585300301,64,19.5751215098,055853003,6.1262211361,-74.7592263851,1
05585,05585300302,14,21.8902588861,055853003,6.12208783542,-74.7107684355,1
05585,05585300303,44,20.4464529421,055853003,6.08942319204,-74.7813901617,1
05585,05585300304,21,20.055156191,055853003,6.09382921988,-74.7401197762,1
05585,05585300305,15,21.4012667891,055853003,6.06689715528,-74.6898818068,1
05585,05585300306,27,20.9235822734,055853003,6.05582669169,-74.7179080759,1
05585,05585300307,23,20.2551476024,055853003,6.04753234845,-74.7452114191,1
05585,05585300308,31,25.9449661295,055853003,6.01235166819,-74.743591388,1
05585,05585300401,11,24.6547044419,055853004,6.18660436086,-74.6062191417,1
05585,05585300402,20,11.0491891085,055853004,6.13268332262,-74.606865272,1
05585,05585300403,22,22.5737451158,055853004,6.13829642835,-74.6328512466,1
05585,05585300404,27,23.6020308213,055853004,6.10987669783,-74.6685448133,1
05585,05585300405,21,19.756750677,055853004,6.08537194005,-74.6354965917,1
05585,05585300406,35,18.4975236509,055853004,6.06063678588,-74.6501362782,1
05585,05585300407,147,33.2446065359,055853004,6.06651434031,-74.5964946004,1
05591,05591300101,13,17.723176065,055913001,5.96638829495,-74.7928835531,1
05591,05591300102,25,19.6090790702,055913001,5.97631880043,-74.7520216426,1
05591,05591300103,84,24.2033550475,055913001,5.93508951118,-74.8052301427,1
05591,05591300104,82,17.5276668082,055913001,5.94856433654,-74.7434885071,1
05591,05591300105,174,22.7967704093,055913001,5.91484841145,-74.7581071099,1
05591,05591300201,19,25.6433528273,055913002,6.02290353661,-74.6722569634,1
05591,05591300202,12,17.0929205078,055913002,5.97844174794,-74.647258742,1
05591,05591300203,28,17.2897856586,055913002,5.92765699537,-74.6559888236,1
05591,05591300204,82,25.7853534923,055913002,5.88754844526,-74.652605587,1
05591,05591300205,183,24.6863798627,055913002,5.89868466851,-74.7050867113,1
05591,05591300206,120,27.1274911538,055913002,5.93915948598,-74.6989602859,1
05591,05591300207,21,17.6372799413,055913002,5.97893807039,-74.6700609359,1
05591,05591300208,9,18.903683206,055913002,5.98299270385,-74.7016807073,1
05591,05591300301,50,30.6549512173,055913003,6.01876457263,-74.591615571,1
05591,05591300302,24,25.8071506569,055913003,5.99358443202,-74.6194787054,1
05591,05591300303,42,17.1333565563,055913003,5.93404386134,-74.6204493915,1
05591,05591300304,15,17.4113085597,055913003,5.91017121639,-74.6113928149,1
05604,05604300101,55,28.053574803,056043001,7.10497038753,-74.7789469674,1
05604,05604300102,37,30.8545120516,056043001,7.05747106154,-74.7652221881,1
05604,05604300103,32,19.5621201153,056043001,7.01623792667,-74.7879353339,1
05604,05604300104,71,29.3534550966,056043001,7.02621841059,-74.7326791651,1
05604,05604300201,28,38.2184987326,056043002,7.11208633131,-74.8184116144,1
05604,05604300202,13,26.9425525454,056043002,7.06139265264,-74.8243623124,1
05604,05604300203,16,23.47968774,056043002,7.02249296848,-74.8268380417,1
05604,05604300301,50,23.2772368816,056043003,6.96161578342,-74.8222570254,1
05604,05604300302,88,20.9985784193,056043003,6.90896529535,-74.8051755732,1
05604,05604300303,40,23.6997084988,056043003,6.97945701967,-74.7858590511,1
05604,05604300304,132,26.2749330177,056043003,6.93263453832,-74.7769651191,1
05604,05604300305,124,25.9620987266,056043003,6.97631236543,-74.7447595383,1
05604,05604300401,78,19.484696652,056043004,6.91624378427,-74.7375719319,1
05604,05604300402,153,28.0842802149,056043004,6.94644237213,-74.7130869807,1
05604,05604300501,67,20.811517791100002,056043005,6.98956184966,-74.6957560155,1
05604,05604300502,96,19.9186187915,056043005,6.98042540652,-74.6488687154,1
05604,05604300503,32,24.1575978966,056043005,6.95253526836,-74.6402731313,1
05604,05604300504,22,24.8263747527,056043005,6.93449786169,-74.6677422417,1
05604,05604300505,67,22.8014424795,056043005,6.91538267129,-74.5935163621,1
05604,05604300601,30,22.5436189731,056043006,7.01132433537,-74.6591401473,1
05604,05604300602,18,24.600292967,056043006,6.99308861209,-74.6117731756,1
05604,05604300603,7,22.2142116656,056043006,7.00657547495,-74.5706786934,1
05604,05604300604,5,20.4293761099,056043006,6.96719060041,-74.5780142694,1
05604,05604300701,225,9.80255560735,056043007,7.09826975262,-74.7477609399,1
05604,05604300702,263,12.451048279,056043007,7.05506896419,-74.6934740525,1
05604,05604300703,19,24.2442821685,056043007,7.06161844899,-74.6586902194,1
05604,05604300704,92,23.6687829143,056043007,7.12941620055,-74.6459977169,1
05604,05604300801,20,19.1507090519,056043008,7.11892681031,-74.619380367,1
05604,05604300802,20,21.0115647115,056043008,7.07558499642,-74.6145330787,1
05604,05604300803,8,20.7994931364,056043008,7.03812250168,-74.6245449493,1
05604,05604300804,15,17.0609441974,056043008,7.06318258577,-74.5697930494,1
05604,05604300805,3,18.0800322357,056043008,7.03875784511,-74.5680453509,1
05604,05604300901,127,19.1809677566,056043009,7.18109222675,-74.5605525019,1
05604,05604300902,19,22.5087727234,056043009,7.14694720038,-74.596205666,1
05604,05604300903,10,17.4653069309,056043009,7.1641626906700004,-74.5411902518,1
05604,05604300904,28,20.8992483001,056043009,7.1066694193,-74.5778955849,1
05604,05604300905,18,22.5883857848,056043009,7.12072825821,-74.5473524346,1
05604,05604301101,10,23.7624490489,056043011,7.23633489974,-74.4267265912,1
05604,05604301102,4,19.8017089091,056043011,7.21201225974,-74.4469086856,1
05604,05604301103,50,20.7028003533,056043011,7.16216299647,-74.4027958252,1
05604,05604301201,26,25.1326518785,056043012,7.19188080161,-74.5012409225,1
05604,05604301202,10,26.0968123694,056043012,7.1511175456,-74.4974418702,1
05604,05604301203,17,22.3005726694,056043012,7.18468519143,-74.4520429369,1
05604,05604301204,33,21.8339584069,056043012,7.14824357155,-74.4415227439,1
05604,05604301301,20,27.7089372588,056043013,7.11763541906,-74.4742606011,1
05604,05604301302,67,24.2438381792,056043013,7.09615286152,-74.5151064023,1
05604,05604301303,20,25.0173542102,056043013,7.06359432239,-74.5233345265,1
05604,05604301304,0,21.5422082922,056043013,7.0802281413,-74.4638021398,1
05604,05604301401,1,28.9835706963,056043014,7.11615980504,-74.3987935996,1
05604,05604301402,2,23.8653213351,056043014,7.08377727316,-74.4289724917,1
05604,05604301403,1,22.6306746258,056043014,7.07465360472,-74.3817380318,1
05604,05604301501,2,28.0976020785,056043015,7.03601727176,-74.4890548598,1
05604,05604301502,24,23.705745675,056043015,7.00460574717,-74.5175333573,1
05604,05604301503,30,20.7417029507,056043015,6.99471516116,-74.4733943627,1
05604,05604301504,71,22.0825795011,056043015,6.97522218449,-74.5328778303,1
05604,05604301505,84,20.0399853845,056043015,6.95601183355,-74.4842689577,1
05604,05604301506,13,17.0005298922,056043015,6.92325365174,-74.4850528798,1
05604,05604301601,35,23.5557551025,056043016,7.03600954813,-74.4322318101,1
05604,05604301602,56,25.7873050141,056043016,6.98136781321,-74.4413414905,1
05604,05604301603,4,23.3187864735,056043016,6.98171530188,-74.408989544,1
05604,05604301604,15,24.0306950617,056043016,6.92928039957,-74.4386158578,1
05604,05604301605,29,25.3794976891,056043016,6.92771321225,-74.3954262632,1
05604,05604301606,51,32.5126949902,056043016,6.88667090311,-74.4239692406,1
05604,05604301607,39,24.5541225514,056043016,6.85575919693,-74.4350860318,1
05604,05604301701,12,22.4794389687,056043017,7.04130140179,-74.382808822,1
05604,05604301702,2,25.4403518891,056043017,7.00537806305,-74.3772661366,1
05604,05604301703,42,23.5446201473,056043017,6.95100553371,-74.365701369,1
05604,05604301704,13,22.7072874803,056043017,6.99299202341,-74.330551473,1
05604,05604301705,10,25.3371724418,056043017,6.94949221406,-74.3310773905,1
05604,05604301706,12,26.9966631449,056043017,6.98621761468,-74.2797169924,1
05604,05604301801,32,25.0186376229,056043018,6.93828999167,-74.5376035311,1
05604,05604301802,43,21.2859111224,056043018,6.91020404363,-74.5447752277,1
05604,05604301803,7,20.7274800269,056043018,6.87123226957,-74.5581296302,1
05604,05604301804,74,26.01878699,056043018,6.88850952408,-74.5042832479,1
05604,05604301805,5,21.3580263444,056043018,6.82591095813,-74.5626050381,1
05604,05604301806,18,23.7636178874,056043018,6.86373378862,-74.4987208138,1
05604,05604301901,21,20.4416085421,056043019,6.81402761765,-74.4377615507,1
05604,05604301902,28,18.7914220181,056043019,6.83703848166,-74.4717265245,1
05604,05604301903,22,20.9718112039,056043019,6.82503857195,-74.5120610918,1
05604,05604301904,80,20.2101201599,056043019,6.79757788714,-74.5382136054,1
05604,05604301905,30,19.8626944679,056043019,6.7795172335,-74.5001865509,1
05604,05604301906,7,22.2224082858,056043019,6.77074334868,-74.5524529218,1
05604,05604301907,0,25.5372631532,056043019,6.73648868984,-74.5586578741,1
05604,05604301908,35,23.1922910831,056043019,6.7237891765,-74.5117580217,1
05604,05604301909,13,25.3896518131,056043019,6.75477269995,-74.476246361,1
05607,05607300101,380,21.6657003595,056073001,6.12759952504,-75.4861775539,1
05607,05607300102,1137,24.3633950153,056073001,6.11517247698,-75.5170598769,1
05607,05607300103,96,22.7790081551,056073001,6.08634521837,-75.5557669436,1
05607,05607300201,57,27.4025023032,056073002,6.05012869258,-75.5511880917,1
05607,05607300202,876,23.2948863508,056073002,6.0719561463,-75.4996063956,1
05607,05607300203,674,23.6396056914,056073002,6.03537184456,-75.4924374561,1
05607,05607300204,1056,20.0515614947,056073002,6.06699244042,-75.4604824245,1
05607,05607300301,932,24.4000527353,056073003,5.99459715474,-75.4891644671,1
05607,05607300302,115,26.5089116691,056073003,5.99001925188,-75.5547994495,1
05607,05607300303,99,25.2643110805,056073003,6.00987658949,-75.5312917353,1
05615,05615300101,1547,17.0006782022,056153001,6.18891862233,-75.4374186695,1
05615,05615300102,3039,17.3350987577,056153001,6.17991466694,-75.401355215,1
05615,05615300103,3275,18.6906205081,056153001,6.18547800242,-75.3755981951,1
05615,05615300104,2461,18.9440591095,056153001,6.21430455174,-75.3538600134,1
05615,05615300201,1130,20.2699560018,056153002,6.16150198329,-75.4652513876,1
05615,05615300202,1936,20.9210686503,056153002,6.14885602642,-75.4266125236,1
05615,05615300203,2123,18.5677570649,056153002,6.1252024983,-75.3863368595,1
05615,05615300204,2004,21.939981543,056153002,6.10782964554,-75.445484775,1
05615,05615300205,2032,23.078452303,056153002,6.08095623517,-75.4084023434,1
05628,05628300101,42,22.8067359043,056283001,7.02297189493,-75.7699887371,1
05628,05628300102,109,22.3462828733,056283001,6.99027051291,-75.7933076139,1
05628,05628300103,29,22.2766276252,056283001,6.93111748714,-75.8166035611,1
05628,05628300104,99,21.673738756,056283001,6.94837004142,-75.7854896892,1
05628,05628300105,238,20.2269408951,056283001,6.96370109885,-75.7533972567,1
05628,05628300106,231,22.6508414919,056283001,6.91314826809,-75.7752821182,1
05628,05628300201,358,21.3609420098,056283002,6.88957651262,-75.7705448457,1
05628,05628300202,26,18.1469379577,056283002,6.86665293377,-75.8271622704,1
05628,05628300203,254,24.7773136943,056283002,6.85736806884,-75.7825092145,1
05628,05628300204,238,23.0472471245,056283002,6.82325112165,-75.7836130638,1
05628,05628300205,32,25.0964405496,056283002,6.81326588324,-75.8441081478,1
05628,05628300206,521,20.5736883756,056283002,6.8016435874,-75.802385344,1
05631,05631300101,313,3.79319224584,056313001,6.13717248403,-75.6154720281,1
05631,05631300102,152,6.21177061638,056313001,6.12904964303,-75.5988860006,1
05631,05631300103,11,0.0324675574429,056313001,6.14248818727,-75.608774789,1
05642,05642300101,11,16.9298172257,056423001,6.02708724574,-76.0591168459,1
05642,05642300102,404,21.406330589,056423001,6.04519279489,-76.001546562,1
05642,05642300103,291,19.2032665384,056423001,6.01826877402,-76.0058883717,1
05642,05642300104,42,33.3029556075,056423001,5.98561601211,-76.0511668384,1
05642,05642300105,271,26.4505466337,056423001,5.98995719339,-75.9980239995,1
05642,05642300201,262,14.8252346553,056423002,6.02662996629,-75.9584206127,1
05642,05642300202,184,18.9115441004,056423002,5.9788589123,-75.9439178079,1
05642,05642300203,305,21.290734215,056423002,5.94740505315,-75.9203390755,1
05642,05642300204,119,21.7689998806,056423002,5.92794564206,-75.8842808643,1
05642,05642300301,99,23.0168778656,056423003,5.93488190897,-76.0247788808,1
05642,05642300302,291,23.315846444600002,056423003,5.95344704806,-75.9899539228,1
05642,05642300303,565,26.8874003749,056423003,5.9234515061,-75.9617871488,1
05642,05642300304,186,20.1249069031,056423003,5.89217025099,-75.9224968278,1
05647,05647300101,366,15.1466109862,056473001,6.98397850801,-75.6580043279,1
05647,05647300102,426,18.1548805189,056473001,6.93425303801,-75.6889653983,1
05647,05647300103,121,24.2848212832,056473001,6.89710030638,-75.7038282075,1
05647,05647300104,58,17.232970643,056473001,6.88898682717,-75.7283472423,1
05647,05647300105,42,22.4463290096,056473001,6.82993726923,-75.744262111,1
05647,05647300201,299,20.9884294047,056473002,6.98099192022,-75.6290138155,1
05647,05647300202,96,24.4626360873,056473002,6.94406576295,-75.6265015902,1
05647,05647300203,110,19.1714809144,056473002,6.91838501851,-75.6544796108,1
05647,05647300204,118,20.94384089,056473002,6.90235357231,-75.6278363699,1
05647,05647300205,47,23.2397447557,056473002,6.88957763087,-75.603260309,1
05649,05649300101,131,21.4917223514,056493001,6.2481636967,-74.9399984907,1
05649,05649300102,43,10.4548020696,056493001,6.26176599056,-74.9424568624,1
05649,05649300104,144,20.7215337028,056493001,6.21119961079,-74.9491832253,1
05649,05649300105,132,19.3729971505,056493001,6.23757188608,-74.9865065685,1
05649,05649300106,232,22.9850964356,056493001,6.20228174682,-75.0103779466,1
05649,05649300107,175,19.0662765382,056493001,6.22698802517,-75.0194269393,1
05649,05649300201,72,19.1702126423,056493002,6.13307160585,-74.8361897172,1
05649,05649300202,66,20.6266590242,056493002,6.16620299661,-74.8294243384,1
05649,05649300203,37,20.7718362053,056493002,6.19329070359,-74.8201448719,1
05649,05649300301,9,18.9550833227,056493003,6.18939785602,-74.869057316,1
05649,05649300302,15,18.9033548279,056493003,6.14429487585,-74.8980094409,1
05649,05649300303,13,22.8049035533,056493003,6.12765748739,-74.8674509962,1
05649,05649300304,70,18.9723730058,056493003,6.18951873266,-74.9113667022,1
05649,05649300305,32,26.0182244456,056493003,6.22102633263,-74.8920402088,1
05649,05649300306,34,18.3853899136,056493003,6.09312551583,-74.8407678227,1
05649,05649300401,62,25.0812846993,056493004,6.10463246792,-74.9419126878,1
05649,05649300402,97,22.1321172622,056493004,6.13454880366,-74.9698529766,1
05649,05649300403,13,18.8043769337,056493004,6.08739562474,-74.8809102658,1
05649,05649300404,9,21.1803859873,056493004,6.0772927015,-74.9088860468,1
05649,05649300405,125,25.3264836768,056493004,6.1489086482,-74.9291423311,1
05649,05649300501,79,28.5156672755,056493005,6.20234316271,-75.0821838596,1
05649,05649300502,294,19.315323211,056493005,6.15912925882,-75.0669546104,1
05649,05649300503,174,21.4643287756,056493005,6.14115428713,-75.0267576874,1
05649,05649300504,244,22.569825078,056493005,6.1679580181,-74.9791996975,1
05649,05649300505,282,16.2635644199,056493005,6.17300066599,-75.023563294,1
05649,05649300601,14,21.4225318412,056493006,6.2695115594,-74.8633207338,1
05649,05649300602,89,21.5145703933,056493006,6.27526013019,-74.8953252221,1
05649,05649300603,48,22.6750217397,056493006,6.30987014204,-74.8547735925,1
05649,05649300604,133,25.2267313892,056493006,6.23843434923,-74.8390448932,1
05649,05649300701,14,20.965415470700002,056493007,6.27566198926,-74.7803001125,1
05649,05649300702,158,22.1386214723,056493007,6.21697576861,-74.7836431764,1
05649,05649300703,60,17.6493541593,056493007,6.22707405564,-74.7418223422,1
05649,05649300704,102,20.8545454981,056493007,6.25157633775,-74.8026049851,1
05649,05649300705,80,22.0969264825,056493007,6.2898011297,-74.8188348818,1
05652,05652300101,291,22.7553090696,056523001,5.96925883198,-75.0932405302,1
05652,05652300102,157,16.2923403581,056523001,5.94856543696,-75.0754141677,1
05652,05652300103,54,16.7957760485,056523001,5.93964089668,-75.0517443592,1
05652,05652300104,5,18.5207785838,056523001,5.9153669625,-75.02636363,1
05652,05652300105,5,18.0194243056,056523001,5.9037278641,-74.9836532999,1
05652,05652300106,13,18.4056376072,056523001,5.87358179192,-75.0101008787,1
05652,05652300107,5,16.3948278665,056523001,5.83279089222,-75.0071920755,1
05652,05652300201,12,22.1231628294,056523002,5.92795929305,-74.9424170488,1
05652,05652300202,21,21.4233358296,056523002,5.87594079933,-74.9645433739,1
05652,05652300203,59,22.7124054038,056523002,5.83568014775,-74.9637067772,1
05652,05652300204,36,22.5228610664,056523002,5.80166638998,-74.9646429546,1
05652,05652300205,7,16.09996744,056523002,5.78211670688,-74.9962439196,1
05652,05652300206,0,22.0013698887,056523002,5.7819085378,-75.027744996,1
05652,05652300301,14,19.8082690392,056523003,5.92685315603,-74.9041218102,1
05652,05652300302,84,20.7572593265,056523003,5.90496492204,-74.8682783919,1
05652,05652300303,36,22.9798092273,056523003,5.89142068052,-74.9172045062,1
05652,05652300304,68,18.7527359292,056523003,5.86013654333,-74.8885255512,1
05652,05652300305,105,17.3536522536,056523003,5.85277883364,-74.9255800848,1
05656,05656300101,137,16.3233422996,056563001,6.43489264487,-75.7590910926,1
05656,05656300102,248,14.4665770523,056563001,6.43785384959,-75.7329597251,1
05656,05656300103,532,21.9697270541,056563001,6.39688947305,-75.7223558768,1
05656,05656300201,769,19.6984201432,056563002,6.47816805676,-75.7160400193,1
05656,05656300202,287,19.9149462157,056563002,6.48660555862,-75.6682080042,1
05656,05656300203,221,18.9657880196,056563002,6.45545756869,-75.6883918989,1
05656,05656300204,423,14.2749938764,056563002,6.42831044001,-75.6813296808,1
05656,05656300205,264,21.5382677105,056563002,6.39431555042,-75.6841738626,1
05658,05658300101,56,23.3808731685,056583001,6.85501695652,-75.6601270522,1
05658,05658300102,83,16.9349494752,056583001,6.80596574991,-75.6662531493,1
05658,05658300103,58,18.6054013778,056583001,6.81511840107,-75.6372599446,1
05658,05658300201,61,21.3866241361,056583002,6.86070268722,-75.6988248354,1
05658,05658300202,51,22.9926710999,056583002,6.81752787416,-75.7082213379,1
05658,05658300203,30,22.3792817107,056583002,6.77958834883,-75.686755248,1
05659,05659300101,525,22.9321537006,056593001,8.71803100826,-76.6045973075,1
05659,05659300102,188,21.2329610342,056593001,8.7084292648,-76.5588312316,1
05659,05659300103,437,20.0185936259,056593001,8.74304100279,-76.5521973808,1
05659,05659300104,500,24.9276488773,056593001,8.73832067094,-76.5117628233,1
05659,05659300105,175,18.6784407023,056593001,8.7592172225,-76.486742235,1
05659,05659300106,115,14.4787811339,056593001,8.79466111615,-76.4891712888,1
05659,05659300201,251,18.4427519468,056593002,8.67276255354,-76.5895698505,1
05659,05659300202,163,18.8313465046,056593002,8.6701912263,-76.5549123366,1
05659,05659300203,275,22.4106276661,056593002,8.62971689256,-76.5559580956,1
05659,05659300204,84,21.891293999,056593002,8.66391477018,-76.5215579789,1
05659,05659300205,77,16.9259503064,056593002,8.69530996514,-76.5065495717,1
05659,05659300206,178,29.136028583,056593002,8.71124577639,-76.4654201298,1
05660,05660300101,39,18.8117379691,056603001,6.10140912451,-75.020364152,1
05660,05660300102,123,23.2737588017,056603001,6.08735567673,-74.9897304691,1
05660,05660300103,37,26.6560576055,056603001,6.06300700445,-74.9633539977,1
05660,05660300104,74,24.3221414002,056603001,6.03368740793,-74.94586767,1
05660,05660300201,201,25.2795167238,056603002,6.09086394034,-75.0546182034,1
05660,05660300202,38,21.3278819383,056603002,6.04356494734,-75.0615613801,1
05660,05660300203,186,23.8883482943,056603002,6.03920443672,-75.0178028695,1
05660,05660300204,87,20.9841562458,056603002,6.013114891,-75.0440095231,1
05660,05660300205,125,23.224352874,056603002,5.98294047359,-75.0309228944,1
05660,05660300301,110,19.2117984848,056603003,6.01614072752,-74.9837033668,1
05660,05660300302,77,20.6569649991,056603003,5.98552154121,-74.972622478,1
05660,05660300303,62,21.3461020995,056603003,5.98099944366,-74.9220235058,1
05660,05660300304,3,21.6747144731,056603003,5.95113135195,-75.0097126751,1
05660,05660300305,18,24.4664540011,056603003,5.94973569003,-74.9673446452,1
05660,05660300401,10,8.75701455078,056603004,6.02501814023,-74.9098906766,1
05660,05660300402,27,19.850717917,056603004,6.00293106231,-74.8837294056,1
05660,05660300403,129,18.9617870844,056603004,5.97323119059,-74.8865077855,1
05660,05660300404,25,31.3236081047,056603004,5.98326821423,-74.824466928,1
05660,05660300405,282,19.8758264451,056603004,5.94813125779,-74.8563375571,1
05660,05660300501,35,21.8874620951,056603005,6.06467793405,-74.7975125638,1
05660,05660300502,8,20.3090349946,056603005,6.04962963364,-74.8219361724,1
05660,05660300503,55,33.2968236087,056603005,6.04055640094,-74.8650168552,1
05660,05660300504,9,13.8272201372,056603005,6.00964800483,-74.8426065166,1
05660,05660300505,10,14.1545622825,056603005,6.01778686863,-74.7879460426,1
05664,05664300101,451,20.9048303146,056643001,6.48947666367,-75.6072745648,1
05664,05664300102,692,24.4545248751,056643001,6.46549696644,-75.5835141799,1
05664,05664300103,932,23.2909384156,056643001,6.45686837987,-75.6264887344,1
05664,05664300104,1357,21.7894248494,056643001,6.41302365338,-75.6261111212,1
05664,05664300105,356,12.0306019122,056643001,6.43168567656,-75.6522618596,1
05664,05664300201,297,19.5847658197,056643002,6.50128682334,-75.5580948576,1
05664,05664300202,224,22.8214225917,056643002,6.48571818089,-75.5188804075,1
05664,05664300203,59,20.7394438874,056643002,6.48653246947,-75.4797480872,1
05664,05664300204,633,19.9517261072,056643002,6.44720608356,-75.5403692728,1
05664,05664300205,233,26.8079985931,056643002,6.43452759685,-75.5044987911,1
05664,05664300206,267,20.6773812327,056643002,6.41327822242,-75.5536683244,1
05665,05665300101,114,22.7864349858,056653001,8.56299316101,-76.2763056638,1
05665,05665300102,117,20.0289540993,056653001,8.53384650139,-76.2991468419,1
05665,05665300103,49,21.0120290013,056653001,8.4765017536,-76.3066812625,1
05665,05665300201,146,29.9916849789,056653002,8.53819279505,-76.2470971244,1
05665,05665300202,61,25.7178832363,056653002,8.49787123752,-76.2588104413,1
05665,05665300203,188,27.562911329,056653002,8.47841225045,-76.2391623315,1
05665,05665300204,148,21.2186483158,056653002,8.44572204138,-76.2466673963,1
05665,05665300205,129,19.223475422,056653002,8.41887451387,-76.2618169012,1
05665,05665300206,167,23.3772462652,056653002,8.40778996121,-76.2202434638,1
05665,05665300207,107,18.5899729116,056653002,8.38496794887,-76.244373763,1
05665,05665300301,421,25.8082613668,056653003,8.35271235179,-76.3326090504,1
05665,05665300302,104,22.6814736845,056653003,8.38034618658,-76.3047042803,1
05665,05665300303,86,24.0015537137,056653003,8.36026474269,-76.2837067926,1
05665,05665300304,273,21.9292515522,056653003,8.3085921228,-76.3227319639,1
05665,05665300401,113,22.8975482252,056653004,8.43308992745,-76.3083566593,1
05665,05665300402,36,23.3813605564,056653004,8.42611260666,-76.3515662707,1
05665,05665300403,128,17.8693931582,056653004,8.40062317073,-76.3636425299,1
05665,05665300404,119,28.222326279,056653004,8.36962690905,-76.3745292151,1
05665,05665300405,79,16.7455124415,056653004,8.32987473224,-76.3804042805,1
05665,05665300406,246,16.85851107,056653004,8.28049646592,-76.3865091926,1
05665,05665300407,407,21.3879629054,056653004,8.43168612983,-76.397934961,1
05665,05665300501,157,22.6327367929,056653005,8.29064364165,-76.3484814006,1
05665,05665300502,155,21.4506974528,056653005,8.24275309154,-76.3664348084,1
05665,05665300503,111,14.9050646187,056653005,8.24276636383,-76.3406270895,1
05665,05665300504,134,10.2535672335,056653005,8.22367282752,-76.3939636926,1
05665,05665300505,208,19.6658188645,056653005,8.18478526205,-76.361702274,1
05665,05665300506,145,14.9538111776,056653005,8.17927487683,-76.3932679456,1
05665,05665300507,224,23.4798292185,056653005,8.13906078895,-76.3842295204,1
05667,05667300101,322,19.2223143854,056673001,6.31717417397,-75.0592048423,1
05667,05667300102,290,21.4712150378,056673001,6.30165198523,-75.0928589415,1
05667,05667300103,169,21.2851349433,056673001,6.27242019286,-75.1252210577,1
05667,05667300104,51,22.4287716594,056673001,6.24266347651,-75.0948403599,1
05667,05667300105,127,19.5201272311,056673001,6.24613913317,-75.0668790193,1
05667,05667300106,266,21.9918256412,056673001,6.26595520395,-75.0488949487,1
05667,05667300201,127,22.1885004672,056673002,6.34642654358,-74.995714533,1
05667,05667300202,298,24.0198101353,056673002,6.33105158306,-75.0253653384,1
05667,05667300203,243,23.6905451939,056673002,6.30459350837,-74.9913475598,1
05667,05667300204,183,21.9450544985,056673002,6.27309759424,-75.0039286676,1
05667,05667300205,135,31.7004569761,056673002,6.29405855533,-74.9408686346,1
05667,05667300301,174,21.3711597024,056673003,6.37899460294,-74.9604500828,1
05667,05667300302,77,24.2616868257,056673003,6.37539314999,-74.9124692676,1
05667,05667300303,160,19.0873595031,056673003,6.34764402994,-74.9467712898,1
05667,05667300304,66,24.2287690253,056673003,6.32779513944,-74.9084525057,1
05667,05667300305,116,23.9548728498,056673003,6.3423789443,-74.8676172707,1
05670,05670300101,254,20.6709865214,056703001,6.47253989272,-75.0718366088,1
05670,05670300102,210,19.468195955,056703001,6.50525123878,-75.0292192373,1
05670,05670300103,248,23.1987348578,056703001,6.43866338463,-75.0330570556,1
05670,05670300104,291,20.1814771002,056703001,6.45961271536,-75.0093912963,1
05670,05670300201,122,21.4338813922,056703002,6.52375728522,-74.979700361,1
05670,05670300202,188,25.2634885013,056703002,6.49979600437,-74.9405990123,1
05670,05670300203,392,20.3989565988,056703002,6.49951070695,-74.8934540567,1
05670,05670300204,286,23.4038126037,056703002,6.49043517062,-74.9869399359,1
05670,05670300205,238,21.2082106159,056703002,6.44970683097,-74.9660152139,1
05670,05670300206,130,29.0042240021,056703002,6.4112279092,-74.9879193773,1
05670,05670300301,270,25.975192328,056703003,6.47194744844,-74.8401505814,1
05670,05670300302,348,28.7511393195,056703003,6.47331106179,-74.9000755064,1
05670,05670300401,131,20.6284722696,056703004,6.42067618038,-74.9344438171,1
05670,05670300402,130,21.4623111124,056703004,6.43868530601,-74.8986530546,1
05670,05670300403,74,20.7374760321,056703004,6.43870241922,-74.8603553822,1
05670,05670300404,55,19.8479151068,056703004,6.39954828343,-74.8823698109,1
05670,05670300405,81,19.8310158327,056703004,6.39352593382,-74.8474537046,1
05670,05670300406,25,19.2614722855,056703004,6.3740446519,-74.8322883004,1
05670,05670300407,45,22.5417905892,056703004,6.34658114032,-74.8073822512,1
05674,05674300101,398,23.1427421727,056743001,6.35330628045,-75.2983248261,1
05674,05674300102,664,22.0028453363,056743001,6.31127337032,-75.2787122526,1
05674,05674300103,648,20.8160749979,056743001,6.29038147018,-75.2579612518,1
05674,05674300104,625,21.4244530627,056743001,6.2805532558,-75.3099193942,1
05674,05674300105,1105,23.546360248,056743001,6.24649945309,-75.3368309143,1
05674,05674300201,442,21.747910747,056743002,6.36699958894,-75.3395647264,1
05674,05674300202,920,27.9573584372,056743002,6.35238393466,-75.3757277758,1
05674,05674300203,785,21.0405484544,056743002,6.30469229024,-75.3691295441,1
05674,05674300204,728,22.5657891266,056743002,6.32492149037,-75.3233003257,1
05674,05674300205,1708,25.135328049,056743002,6.26906090464,-75.3647072272,1
05679,05679300101,206,15.8803303459,056793001,5.95671554625,-75.6198812087,1
05679,05679300102,1413,32.4912283632,056793001,5.95961462226,-75.5835774519,1
05679,05679300103,746,21.4964925999,056793001,5.90980738527,-75.607291229,1
05679,05679300104,1144,17.0043443615,056793001,5.91128358807,-75.5643107698,1
05679,05679300105,1036,15.9618945538,056793001,5.88083087998,-75.5813264317,1
05679,05679300201,85,17.0833144384,056793002,5.85734558677,-75.6063309968,1
05679,05679300202,1027,23.7370978155,056793002,5.85424980554,-75.5544960999,1
05679,05679300203,568,24.9308869086,056793002,5.81780960484,-75.5779799232,1
05679,05679300204,260,25.5346939453,056793002,5.77490166366,-75.5711303342,1
05686,05686300101,608,20.7833924251,056863001,6.6199191959,-75.4758370168,1
05686,05686300102,257,21.0402497332,056863001,6.59064928049,-75.4481988661,1
05686,05686300103,216,20.8524768731,056863001,6.56269894652,-75.4166323513,1
05686,05686300104,202,20.2134652704,056863001,6.54727762497,-75.453338451,1
05686,05686300105,686,23.7195020754,056863001,6.57868088951,-75.4872314297,1
05686,05686300201,543,21.2030926071,056863002,6.6114466131,-75.3972077338,1
05686,05686300202,296,22.5869010753,056863002,6.56520864009,-75.3869786168,1
05686,05686300203,283,24.3465586944,056863002,6.56776331906,-75.345443006,1
05686,05686300204,269,21.7003629714,056863002,6.57993812524,-75.3138101812,1
05686,05686300205,174,23.0038630505,056863002,6.61315937016,-75.3497451593,1
05686,05686300206,79,21.1736000679,056863002,6.59851238117,-75.2914596388,1
05686,05686300207,228,19.9729639982,056863002,6.58408294044,-75.2446859081,1
05686,05686300301,111,27.5420193516,056863003,6.6340908818,-75.2978559891,1
05686,05686300302,235,27.4439864018,056863003,6.60369931413,-75.2306715908,1
05686,05686300401,84,20.6715216744,056863004,6.66866678186,-75.3139415299,1
05686,05686300402,87,25.1733714494,056863004,6.69140568654,-75.3567746411,1
05686,05686300403,167,21.0014147287,056863004,6.65626768882,-75.3552594177,1
05686,05686300404,163,25.9223839586,056863004,6.66415562712,-75.4144139174,1
05686,05686300405,558,23.1429330715,056863004,6.63570740836,-75.4141842334,1
05686,05686300501,36,21.6452261674,056863005,6.71746366104,-75.3731192809,1
05686,05686300502,131,30.2313102605,056863005,6.7330482139,-75.4003187665,1
05686,05686300503,196,20.0902428686,056863005,6.68629935693,-75.4414879044,1
05686,05686300601,86,21.5777189613,056863006,6.76470050581,-75.4273571413,1
05686,05686300602,83,21.0315766686,056863006,6.74973115211,-75.4627706323,1
05686,05686300603,191,22.226364827,056863006,6.71804922442,-75.4567255195,1
05686,05686300701,126,16.731406191,056863007,6.77417397714,-75.5113750364,1
05686,05686300702,42,17.455195547,056863007,6.80097853151,-75.5431211517,1
05686,05686300703,48,24.8103300141,056863007,6.81986697404,-75.5754178473,1
05686,05686300704,100,28.9957560709,056863007,6.85377715749,-75.6055675549,1
05686,05686300705,71,26.740235464,056863007,6.79366825976,-75.5997612858,1
05686,05686300801,178,21.607645053,056863008,6.64624101841,-75.5089569722,1
05686,05686300802,157,20.8520834773,056863008,6.67577520219,-75.4817427888,1
05686,05686300803,227,27.4083138886,056863008,6.69772950794,-75.5145875503,1
05686,05686300804,95,22.1124808968,056863008,6.68807303618,-75.5674915597,1
05686,05686300805,66,21.5075897824,056863008,6.72432015696,-75.587843106,1
05686,05686300806,178,20.6783260827,056863008,6.72829126156,-75.5522897457,1
05686,05686300807,183,20.6571075937,056863008,6.73855328855,-75.5112995274,1
05686,05686300808,86,20.6800090227,056863008,6.7636486279,-75.5640020834,1
05690,05690300101,403,20.5407461472,056903001,6.51605265216,-75.2288822991,1
05690,05690300102,372,23.3159440393,056903001,6.52868298234,-75.1962026579,1
05690,05690300103,364,19.6466860995,056903001,6.53014933946,-75.1538872061,1
05690,05690300201,141,17.3723109994,056903002,6.4709688335,-75.2169399401,1
05690,05690300202,153,20.6825194412,056903002,6.47392991844,-75.1824887337,1
05690,05690300203,175,25.0223653963,056903002,6.48919943061,-75.1477397785,1
05690,05690300204,284,20.9173727191,056903002,6.47930506521,-75.114025916,1
05690,05690300205,291,20.9531795649,056903002,6.51112559913,-75.0987899814,1
05690,05690300206,267,17.9013873829,056903002,6.52038805871,-75.0478831937,1
05690,05690300301,122,24.6986405464,056903003,6.43956536069,-75.1589711481,1
05690,05690300302,167,25.8774257938,056903003,6.42449738331,-75.1139842858,1
05690,05690300303,104,27.9169680752,056903003,6.42699381578,-75.072305741,1
05697,05697300101,1551,30.6766850683,056973001,6.11837011216,-75.2821297072,1
05697,05697300102,1304,27.8873267017,056973001,6.12553910771,-75.2527788656,1
05697,05697300103,622,22.9379547163,056973001,6.12863289527,-75.2107335437,1
05736,05736300101,0,14.2808809618,057363001,7.24722157105,-74.8965768293,1
05736,05736300102,0,11.810125992,057363001,7.25900920723,-74.8707128735,1
05736,05736300103,30,8.21642309803,057363001,7.26306279859,-74.846997457,1
05736,05736300104,2,10.8790207303,057363001,7.27638129241,-74.8106410685,1
05736,05736300105,12,16.6854962313,057363001,7.25896354779,-74.7922561243,1
05736,05736300201,2,20.6388039058,057363002,7.21923425953,-74.8549127219,1
05736,05736300202,47,19.034114497,057363002,7.23209887373,-74.8245907637,1
05736,05736300203,13,18.6104148122,057363002,7.18711674377,-74.8333378727,1
05736,05736300204,22,18.1541565854,057363002,7.17845897542,-74.8070930628,1
05736,05736300205,2,11.3955182428,057363002,7.14304265215,-74.7905146425,1
05736,05736300301,0,3.97218724629,057363003,7.29090583891,-74.7741166821,1
05736,05736300303,3,11.8882576069,057363003,7.29762410059,-74.7244393911,1
05736,05736300304,2,18.3442997557,057363003,7.27857889332,-74.743803798,1
05736,05736300305,12,21.6272908936,057363003,7.24593982268,-74.7400795005,1
05736,05736300401,51,18.8870623883,057363004,7.21374139682,-74.7859952859,1
05736,05736300402,32,24.996109242,057363004,7.21679464847,-74.7507470579,1
05736,05736300403,24,22.041048807,057363004,7.16187743636,-74.7661657986,1
05736,05736300404,37,27.5819829599,057363004,7.1697415262,-74.7330142227,1
05736,05736300501,14,8.68909639922,057363005,7.31885645508,-74.6742154526,1
05736,05736300502,23,23.8270723946,057363005,7.28069806166,-74.6487921277,1
05736,05736300503,11,19.2735177011,057363005,7.28221198435,-74.6829413319,1
05736,05736300504,5,15.3596930919,057363005,7.25187287643,-74.6896220736,1
05736,05736300601,111,11.5447541599,057363006,7.34127828676,-74.6469763039,1
05736,05736300602,4,16.5841467829,057363006,7.35302640562,-74.6185443474,1
05736,05736300603,7,26.4023672165,057363006,7.36750843632,-74.5790239804,1
05736,05736300604,6,21.032376935,057363006,7.29953217765,-74.6258992022,1
05736,05736300605,20,23.1370836211,057363006,7.3274503979,-74.5955553931,1
05736,05736300701,0,21.0732624903,057363007,7.39785277778,-74.5556880316,1
05736,05736300702,5,21.34446503,057363007,7.34689996546,-74.5444904505,1
05736,05736300703,11,17.3889353286,057363007,7.35246183598,-74.5154885246,1
05736,05736300704,60,21.2524530811,057363007,7.32591766495,-74.4747550321,1
05736,05736300705,54,18.8519122691,057363007,7.34551710521,-74.4434080154,1
05736,05736300801,58,16.0229350695,057363008,7.3024693403,-74.554013319,1
05736,05736300802,10,22.5287789749,057363008,7.29925509344,-74.5236781277,1
05736,05736300803,222,23.5529244697,057363008,7.23005075891,-74.5604015676,1
05736,05736300804,66,20.7964627975,057363008,7.25609370798,-74.5209127121,1
05736,05736300805,21,19.1712892131,057363008,7.22423302486,-74.5258468489,1
05736,05736300901,71,18.2949914307,057363009,7.2628721601,-74.6090427834,1
05736,05736300902,11,21.4713329088,057363009,7.23448563935,-74.589272032,1
05736,05736300903,31,23.0476754958,057363009,7.1984012975,-74.6018698937,1
05736,05736300904,28,24.4089371814,057363009,7.18450430986,-74.6410912424,1
05736,05736300905,13,27.7365064655,057363009,7.2276588639,-74.6529495424,1
05736,05736300906,14,14.5085561426,057363009,7.28330662462,-74.5792427886,1
05736,05736301001,12,23.2714990151,057363010,7.22363419547,-74.7054084032,1
05736,05736301002,24,27.5546692808,057363010,7.17442586924,-74.6904767313,1
05736,05736301003,69,19.5573491239,057363010,7.13670800514,-74.6731219231,1
05736,05736301004,4,15.595195822,057363010,7.11255658942,-74.6948050445,1
05736,05736301005,251,30.0957626068,057363010,7.11268801547,-74.730439202,1
05736,05736301006,265,9.65728804684,057363010,7.08346742687,-74.6760230537,1
05736,05736301101,3,25.4544629833,057363011,7.3520366197,-74.4152123284,1
05736,05736301102,0,27.2258420995,057363011,7.39665432161,-74.396644303,1
05736,05736301103,0,26.5465655684,057363011,7.44932186368,-74.3823057426,1
05736,05736301104,1,32.1387071877,057363011,7.42294830883,-74.3549420246,1
05736,05736301201,2,15.6560550343,057363012,7.2951582069,-74.4897767063,1
05736,05736301202,89,17.923161156,057363012,7.2504597138,-74.4813905914,1
05736,05736301203,127,18.884843824,057363012,7.26605951643,-74.4547967354,1
05736,05736301204,31,23.6770211273,057363012,7.2774547632,-74.422171107,1
05736,05736301205,27,18.8759361348,057363012,7.30499815181,-74.4216951077,1
05756,05756300101,32,17.362816721,057563001,5.84662602462,-75.207917434,1
05756,05756300102,19,16.8426566839,057563001,5.80816944458,-75.2365769146,1
05756,05756300103,115,18.5679005749,057563001,5.82264906366,-75.2818861525,1
05756,05756300104,278,20.2680454218,057563001,5.78521993166,-75.278290425,1
05756,05756300105,214,22.4283570447,057563001,5.74440986506,-75.2836576314,1
05756,05756300201,205,24.949041296,057563002,5.76551066852,-75.3170077251,1
05756,05756300202,185,23.6962496012,057563002,5.73929123195,-75.3439629006,1
05756,05756300203,279,17.5881242189,057563002,5.72586659588,-75.3695681711,1
05756,05756300204,455,19.8270165702,057563002,5.72025091988,-75.4037611737,1
05756,05756300205,257,27.1033125,057563002,5.69483373563,-75.3637509926,1
05756,05756300301,221,24.3508950817,057563003,5.693484453,-75.2743271628,1
05756,05756300302,118,21.920260935,057563003,5.66035046473,-75.3506761624,1
05756,05756300303,278,26.0617480704,057563003,5.66675288945,-75.3144958926,1
05756,05756300304,100,22.6738235234,057563003,5.64769717692,-75.2794292867,1
05756,05756300305,226,22.4291858068,057563003,5.61153505568,-75.3517213843,1
05756,05756300306,122,24.3020276198,057563003,5.60508421118,-75.3180346124,1
05756,05756300307,8,20.7728178698,057563003,5.6025784704,-75.2855970388,1
05756,05756300308,12,28.2181790649,057563003,5.55055592082,-75.3063930535,1
05756,05756300309,1,25.6875767004,057563003,5.53901226783,-75.2712549173,1
05756,05756300310,0,22.4680218753,057563003,5.50442860566,-75.2976929305,1
05756,05756300401,74,18.9237706323,057563004,5.81913922465,-75.1915011492,1
05756,05756300402,97,18.3420830002,057563004,5.80545539078,-75.1599390922,1
05756,05756300403,44,22.1892773267,057563004,5.78355816678,-75.2057116608,1
05756,05756300404,167,22.7734834336,057563004,5.75808664403,-75.2337335141,1
05756,05756300405,133,29.524778564,057563004,5.71115150858,-75.2409734424,1
05756,05756300501,0,17.3522158385,057563005,5.88581592661,-75.0823167555,1
05756,05756300502,17,21.8763187465,057563005,5.85700407244,-75.1260338786,1
05756,05756300503,36,17.4255584838,057563005,5.84860032157,-75.1639342274,1
05756,05756300601,0,15.3215104014,057563006,5.88006052874,-75.0419402549,1
05756,05756300602,0,16.4368405109,057563006,5.85804291999,-75.0664038301,1
05756,05756300603,1,23.1465207123,057563006,5.83380142983,-75.1037400579,1
05756,05756300604,0,19.6902956698,057563006,5.80933313481,-75.0883051772,1
05756,05756300605,0,21.5943551124,057563006,5.82512645395,-75.043538817500007,1
05756,05756300606,6,22.6010791363,057563006,5.77029449956,-75.055272557,1
05756,05756300607,20,22.4154461726,057563006,5.77143068447,-75.1005857451,1
05756,05756300608,119,22.3519268377,057563006,5.77871217124,-75.1358714195,1
05756,05756300609,50,23.2938399938,057563006,5.75173858727,-75.1895027065,1
05756,05756300701,1,22.6622870254,057563007,5.75001389519,-74.9855236895,1
05756,05756300702,12,20.9804068247,057563007,5.77008081733,-74.9399557076,1
05756,05756300703,63,21.2214015875,057563007,5.75702629577,-74.8645966026,1
05756,05756300704,12,18.1237477651,057563007,5.80693292335,-74.9176648853,1
05756,05756300801,119,24.1952472215,057563008,5.896535614,-74.8346444816,1
05756,05756300802,40,19.5407449036,057563008,5.84113844632,-74.8662357679,1
05756,05756300803,114,21.7879694388,057563008,5.83518983886,-74.8432418803,1
05756,05756300804,124,28.4833648864,057563008,5.80153435627,-74.8228904515,1
05756,05756300805,46,19.7689816962,057563008,5.80437903892,-74.8937337931,1
05756,05756300806,30,18.2203039706,057563008,5.77676282051,-74.864808947,1
05756,05756300807,36,18.704880588,057563008,5.76228846102,-74.8053922451,1
05756,05756300808,71,21.7021171455,057563008,5.74381964032,-74.779844345,1
05756,05756300809,61,21.5388383465,057563008,5.71444086588,-74.7997764317,1
05756,05756300810,3,18.2814143363,057563008,5.71934440018,-74.7517754962,1
05756,05756300901,125,24.2116464813,057563009,5.88056994449,-74.8036696023,1
05756,05756300902,116,15.8760820495,057563009,5.88111787557,-74.7679625036,1
05756,05756300903,98,28.5574356205,057563009,5.86139428738,-74.7373653158,1
05756,05756300904,1,17.8824091092,057563009,5.85977416054,-74.6908349373,1
05756,05756300905,11,22.1897637539,057563009,5.80454095271,-74.6707635066,1
05756,05756300906,6,26.8735508032,057563009,5.81954215427,-74.7243594736,1
05756,05756300907,43,30.307998914,057563009,5.76997294074,-74.7474127855,1
05756,05756300908,27,20.713934457,057563009,5.78714911174,-74.7079619791,1
05756,05756300909,12,21.4148036311,057563009,5.81161158731,-74.7822817081,1
05756,05756300910,2,16.1757884133,057563009,5.8407175887,-74.667608237,1
05756,05756300912,9,20.0950509706,057563009,5.84307459417,-74.7833373466,1
05761,05761300101,269,21.4553850569,057613001,6.60216373357,-75.7173797259,1
05761,05761300102,280,24.1363241348,057613001,6.57025280299,-75.7500561018,1
05761,05761300103,580,27.7030742351,057613001,6.55864004068,-75.7104294245,1
05761,05761300104,330,20.6744722624,057613001,6.52937980643,-75.7127782993,1
05761,05761300201,160,19.6602963803,057613002,6.52241159567,-75.6716237886,1
05761,05761300202,517,21.8969781348,057613002,6.49239144636,-75.743760344,1
05761,05761300203,828,22.244934288,057613002,6.5185038352,-75.7754070591,1
05761,05761300204,599,31.1086821019,057613002,6.47030058796,-75.7929425472,1
05761,05761300205,26,25.8856195923,057613002,6.4428686292,-75.8052336847,1
05789,05789300101,108,24.5752082443,057893001,5.76837023221,-75.6617080554,1
05789,05789300102,289,19.1539935051,057893001,5.75239498912,-75.6970630583,1
05789,05789300103,297,17.1699547018,057893001,5.71919285419,-75.7227280895,1
05789,05789300104,219,19.9060513396,057893001,5.71762156952,-75.6829344341,1
05789,05789300201,23,21.9211907375,057893002,5.66610852669,-75.7748749412,1
05789,05789300202,338,23.5387383577,057893002,5.68865471532,-75.7390625527,1
05789,05789300203,99,27.2930938268,057893002,5.63333013565,-75.7411343408,1
05789,05789300204,298,20.0296845832,057893002,5.62093640275,-75.712164858,1
05789,05789300205,7,20.0858534174,057893002,5.57554303125,-75.7172588008,1
05789,05789300301,263,19.8555078845,057893003,5.6829653558,-75.6855355516,1
05789,05789300302,273,22.1921110967,057893003,5.64733125159,-75.6821967586,1
05789,05789300303,256,14.4885020436,057893003,5.5965847549,-75.687398238,1
05789,05789300304,23,0.274503688277,057893003,5.63902152904,-75.6850242091,1
05789,05789300305,0,0.0492734588005,057893003,5.63934743894,-75.6913954624,1
05789,05789300306,11,0.00973469076165,057893003,5.63653144621,-75.6884890482,1
05790,05790300101,23,17.6601496266,057903001,7.59506689244,-75.5796314073,1
05790,05790300103,20,23.4835303938,057903001,7.5648082112,-75.5533885341,1
05790,05790300105,8,33.2750888805,057903001,7.51612436181,-75.5335908442,1
05790,05790300401,1,15.1795685019,057903004,7.47878528479,-75.5223504559,1
05790,05790300402,0,15.1419945022,057903004,7.43979425642,-75.53414448,1
05790,05790300403,0,23.4848235403,057903004,7.39749088039,-75.530868986,1
05790,05790300404,0,2.36357233147,057903004,7.38617946596,-75.5591150568,1
05790,05790300501,28,25.1158129828,057903005,7.71867025089,-75.4856473462,1
05790,05790300502,31,24.767749113,057903005,7.6824691401,-75.5206901593,1
05790,05790300503,16,17.0501964526,057903005,7.67536283866,-75.4888987762,1
05790,05790300504,5,13.337293374,057903005,7.64288800171,-75.5381295526,1
05790,05790300505,5,23.2578311434,057903005,7.62496127882,-75.5060747219,1
05790,05790300506,27,17.9194205025,057903005,7.6061370134,-75.5408542643,1
05790,05790300601,9,18.5557817141,057903006,7.69089135255,-75.4547299189,1
05790,05790300602,33,19.4974831213,057903006,7.6434352704,-75.4652691455,1
05790,05790300603,9,19.8225684966,057903006,7.59347086088,-75.4970482626,1
05790,05790300604,23,22.3877312258,057903006,7.6107595912,-75.4406238841,1
05790,05790300605,17,20.2044413683,057903006,7.61768304896,-75.4101629144,1
05790,05790300606,6,16.6242282332,057903006,7.60798566078,-75.386131204,1
05790,05790300701,25,18.5624801529,057903007,7.56141086882,-75.4299510733,1
05790,05790300702,80,18.8340640328,057903007,7.55071120766,-75.398616998,1
05790,05790300703,11,21.4783191586,057903007,7.52790643915,-75.4547932835,1
05790,05790300704,15,19.3250214601,057903007,7.50893794452,-75.4231552695,1
05790,05790300705,24,19.2126149891,057903007,7.50834821521,-75.3879426797,1
05790,05790300706,11,17.7021127263,057903007,7.46579211821,-75.4092748519,1
05790,05790300801,31,20.8079943269,057903008,7.57378380689,-75.489718518,1
05790,05790300802,20,18.0610099121,057903008,7.55453412358,-75.4753839075,1
05790,05790300803,48,20.3415825444,057903008,7.52035539774,-75.4947737279,1
05790,05790300804,1,20.5883816987,057903008,7.48214193771,-75.4647823357,1
05790,05790300805,0,18.4906806894,057903008,7.45290126419,-75.4900785451,1
05790,05790300806,3,21.8796412853,057903008,7.45236850795,-75.4414636529,1
05790,05790300901,1,19.8437195396,057903009,7.42031782226,-75.4983965079,1
05790,05790300902,0,19.9997818179,057903009,7.41465475574,-75.4440159377,1
05790,05790300903,9,18.8353897201,057903009,7.43567985882,-75.4008064203,1
05790,05790300905,1,24.2215141993,057903009,7.38625296323,-75.467398008200007,1
05790,05790300906,16,18.9719673063,057903009,7.3828609758,-75.4172447202,1
05790,05790300907,0,18.4799247012,057903009,7.40861440318,-75.3807495568,1
05790,05790301001,28,21.0222073946,057903010,7.56388713538,-75.3699180606,1
05790,05790301002,175,26.5314761676,057903010,7.51137465095,-75.3522903816,1
05790,05790301003,8,25.980788285,057903010,7.51091886914,-75.3145620496,1
05790,05790301004,147,23.0339371558,057903010,7.4602348863,-75.3617456676,1
05790,05790301005,114,19.2558339877,057903010,7.46352914788,-75.3038174078,1
05790,05790301006,69,17.8790958925,057903010,7.44002347584,-75.3287750013,1
05790,05790301007,0,20.2573514747,057903010,7.41270564549,-75.3508802894,1
05790,05790301101,27,21.2774224479,057903011,7.50534548872,-75.277201967,1
05790,05790301102,16,18.6488254518,057903011,7.4566431199,-75.2670853887,1
05790,05790301103,11,18.7531363667,057903011,7.41669681343,-75.27657738,1
05790,05790301104,0,19.8566705085,057903011,7.42713712267,-75.2371797207,1
05790,05790301105,2,25.8103132922,057903011,7.39073978695,-75.2359164692,1
05790,05790301106,2,19.2796228879,057903011,7.355912597,-75.2646252885,1
05790,05790301107,0,24.3762734212,057903011,7.36364569672,-75.2142544097,1
05790,05790301201,12,17.2326557962,057903012,7.31529086692,-75.2679739506,1
05790,05790301202,0,18.2599288151,057903012,7.3189562907,-75.2251110436,1
05790,05790301203,0,19.3656007705,057903012,7.33523346913,-75.1892390891,1
05790,05790301204,2,28.4144296708,057903012,7.26559158888,-75.2745860298,1
05790,05790301205,5,15.6145637675,057903012,7.27947749637,-75.2398706014,1
05790,05790301206,0,19.9002310401,057903012,7.28172674686,-75.2082870591,1
05792,05792300101,83,21.0432686085,057923001,5.90943218857,-75.85706853,1
05792,05792300102,190,21.0940225546,057923001,5.8913966164,-75.8260128949,1
05792,05792300103,98,20.3773881247,057923001,5.86879761211,-75.7857980907,1
05792,05792300104,193,18.4345220551,057923001,5.86873351106,-75.8678076176,1
05792,05792300105,324,19.6922207885,057923001,5.84766720898,-75.8352259045,1
05792,05792300106,110,19.2881152637,057923001,5.83580465699,-75.8021519724,1
05809,05809300101,243,28.3302979924,058093001,6.0941761864,-75.7739582616,1
05809,05809300102,637,25.8064383619,058093001,6.04722851772,-75.7694429757,1
05809,05809300103,216,20.1615922942,058093001,6.01508403186,-75.7876452712,1
05809,05809300201,82,23.4336390624,058093002,6.07304427631,-75.843032972,1
05809,05809300202,364,22.8039044312,058093002,6.0740721005,-75.8108773203,1
05809,05809300203,60,18.8134150796,058093002,6.02866795349,-75.8259402383,1
05819,05819300101,18,19.4930991083,058193001,7.05756485174,-75.7375022204,1
05819,05819300102,61,19.4470138974,058193001,7.06112063878,-75.6993463261,1
05819,05819300103,123,14.6190343767,058193001,7.02352442556,-75.7336764233,1
05819,05819300104,376,21.4741258965,058193001,7.0258984211,-75.6878250039,1
05819,05819300105,403,26.957502326,058193001,6.99045664497,-75.7142561527,1
05819,05819300106,1,20.2377683036,058193001,6.95287341552,-75.716750084,1
05819,05819300107,75,11.7995003836,058193001,6.9860380036,-75.6761542789,1
05837,05837300101,68,20.8521480527,058373001,8.34345420375,-76.4674818616,1
05837,05837300102,20,19.7384314552,058373001,8.28734907818,-76.4192775728,1
05837,05837300103,43,15.7529522615,058373001,8.43784145904,-76.4235382283,1
05837,05837300104,84,15.0204932687,058373001,8.39446005969,-76.4197522752,1
05837,05837300105,38,17.1451596779,058373001,8.33795454517,-76.4060247639,1
05837,05837300106,39,23.8029014091,058373001,8.34081948795,-76.4323335936,1
05837,05837300201,77,21.523952667,058373002,8.35023823641,-76.5011423551,1
05837,05837300202,22,20.1265995918,058373002,8.35713013205,-76.5286242748,1
05837,05837300203,0,21.2999850586,058373002,8.38066696399,-76.5577121725,1
05837,05837300204,4,15.6442314333,058373002,8.35435674829,-76.5677090072,1
05837,05837300205,9,19.7323582047,058373002,8.33864197311,-76.5847270906,1
05837,05837300206,9,19.2818705111,058373002,8.30854160758,-76.567764564,1
05837,05837300207,9,19.7265533743,058373002,8.29254481547,-76.5918837502,1
05837,05837300208,37,18.064663114,058373002,8.25894053593,-76.60692366,1
05837,05837300301,33,19.6011258052,058373003,8.18802633599,-76.6261539867,1
05837,05837300302,34,18.0352952005,058373003,8.21617242661,-76.6484018286,1
05837,05837300303,59,16.43070531,058373003,8.25251593469,-76.6436143942,1
05837,05837300304,25,18.3994130989,058373003,8.2871097783,-76.6359367977,1
05837,05837300305,150,20.8187236401,058373003,8.25976471459,-76.701831208,1
05837,05837300306,14,14.6218366759,058373003,8.19997103762,-76.6989022536,1
05837,05837300307,19,11.3201573503,058373003,8.23863980484,-76.7267880669,1
05837,05837300308,77,16.1328650022,058373003,8.20882750142,-76.7330881004,1
05837,05837300309,30,7.64256629135,058373003,8.21881574899,-76.6909128432,1
05837,05837300310,5,4.53439443554,058373003,8.22639199074,-76.6716016384,1
05837,05837300311,32,12.7952264621,058373003,8.25998682408,-76.6725642207,1
05837,05837300312,33,13.1336404789,058373003,8.2573842977,-76.7452778549,1
05837,05837300313,2,19.2969606741,058373003,8.31236943489,-76.6422098848,1
05837,05837300401,40,17.1996689965,058373004,8.30874100413,-76.5159274745,1
05837,05837300402,55,19.029250669,058373004,8.27750994027,-76.5272289643,1
05837,05837300403,18,23.0106754497,058373004,8.25833942711,-76.5536101855,1
05837,05837300404,38,27.6135242022,058373004,8.22290101313,-76.5556661394,1
05837,05837300405,92,20.6428821378,058373004,8.21573622781,-76.5984290768,1
05837,05837300501,61,20.6989159941,058373005,8.30021789421,-76.4787000092,1
05837,05837300502,72,20.7767557403,058373005,8.2485598191,-76.4810680279,1
05837,05837300503,56,18.1505381393,058373005,8.26555389328,-76.4554964138,1
05837,05837300504,33,19.5019313543,058373005,8.20874872972,-76.4195494498,1
05837,05837300505,35,16.6169606452,058373005,8.21019129645,-76.4611496162,1
05837,05837300506,80,22.7031250356,058373005,8.2247278551,-76.5084913405,1
05837,05837300507,56,23.1102960716,058373005,8.2589492571,-76.4306073965,1
05837,05837300601,49,20.8786515231,058373006,8.18392508599,-76.4718521512,1
05837,05837300602,35,22.5396235331,058373006,8.16298285856,-76.4305095887,1
05837,05837300603,8,18.2555806729,058373006,8.12844440637,-76.4428782853,1
05837,05837300604,0,16.9277682314,058373006,8.10929596737,-76.4135894692,1
05837,05837300605,2,16.6727669981,058373006,8.08426993808,-76.4397245577,1
05837,05837300701,71,27.0044601624,058373007,8.17752898103,-76.5781245838,1
05837,05837300702,62,23.6990129643,058373007,8.16429718841,-76.5414212974,1
05837,05837300703,95,17.0408012611,058373007,8.17563014591,-76.5084465224,1
05837,05837300704,30,24.7118177561,058373007,8.12756335382,-76.5129187513,1
05837,05837300705,3,16.5462150044,058373007,8.14123487255,-76.4800616403,1
05837,05837300706,2,23.1152030564,058373007,8.09563943118,-76.4739522757,1
05837,05837300707,42,21.8222662073,058373007,8.08294848333,-76.5179960968,1
05837,05837300708,23,24.4520689443,058373007,8.0586035141,-76.542720634,1
05837,05837300709,0,0.020560815198,058373007,8.2055598438,-76.5278982312,1
05837,05837300801,96,21.5065712545,058373008,8.1673998276,-76.6575219883,1
05837,05837300802,72,21.9058637107,058373008,8.14887629416,-76.616294938,1
05837,05837300803,201,22.6929386521,058373008,8.10847327128,-76.6589967862,1
05837,05837300804,77,22.964273648,058373008,8.10503250151,-76.6298614567,1
05837,05837300805,83,22.7483240524,058373008,8.05133828916,-76.6113104828,1
05837,05837300806,40,19.7068761499,058373008,8.07596127153,-76.5929941572,1
05837,05837300807,31,19.1557385689,058373008,8.10165121276,-76.5828203901,1
05837,05837300808,77,27.032797073,058373008,8.12442034737,-76.5597639087,1
05837,05837300901,712,26.3081407462,058373009,8.14142644752,-76.7305834904,1
05837,05837300902,149,29.9642016898,058373009,8.15798258914,-76.6971990529,1
05837,05837300903,263,19.0730950967,058373009,8.10356587191,-76.6988180633,1
05837,05837300904,194,19.994770802,058373009,8.07237046158,-76.6914252254,1
05837,05837300905,1023,25.9684548814,058373009,8.03762203031,-76.6997394474,1
05837,05837300906,546,24.5407961728,058373009,8.03956417591,-76.6485705938,1
05837,05837300907,792,23.4268792712,058373009,8.00813869815,-76.6431515028,1
05837,05837301001,17,22.0263591345,058373010,8.0245511676,-76.5606889676,1
05837,05837301002,42,3.33968162863,058373010,7.98859018021,-76.6044178602,1
05837,05837301003,2,3.76035752484,058373010,7.97891715525,-76.5774864442,1
05837,05837301004,70,20.3987320278,058373010,7.96003071442,-76.6164864975,1
05837,05837301005,41,20.8402899654,058373010,7.94627087914,-76.646020615,1
05837,05837301006,29,26.2213257459,058373010,7.95767691333,-76.6721045563,1
05837,05837301007,161,29.6935036155,058373010,7.94261907293,-76.7171927767,1
05837,05837301008,767,21.3469122074,058373010,7.98388941858,-76.7081842972,1
05837,05837301009,153,14.138736507,058373010,8.00891549684,-76.7001419072,1
05837,05837301010,21,19.7314479869,058373010,7.96637753749,-76.5739681005,1
05837,05837301011,47,15.2749140597,058373010,8.00402563986,-76.5942904791,1
05837,05837301101,0,18.2954741875,058373011,8.05178836042,-76.4712289403,1
05837,05837301102,13,27.4224120274,058373011,8.0279901496,-76.50672294,1
05837,05837301103,0,23.4148982102,058373011,7.99052143484,-76.5345833373,1
05837,05837301601,0,22.7795014674,058373016,7.89721447579,-76.7707116918,1
05837,05837301602,1,31.319487303,058373016,7.87591864607,-76.8236594974,1
05837,05837301603,8,22.2374205186,058373016,7.8266541677,-76.8516760896,1
05837,05837301604,4,17.7386863554,058373016,7.78751121815,-76.8725328174,1
05837,05837301605,5,23.4983510107,058373016,7.77964483276,-76.8316667616,1
05837,05837301606,7,5.19927100902,058373016,7.78968479084,-76.8564852332,1
05837,05837301607,3,3.65901628754,058373016,7.75219756384,-76.8422036421,1
05837,05837301608,0,18.5392409343,058373016,7.73045870135,-76.8354005222,1
05837,05837301609,6,17.9924786331,058373016,7.86385838985,-76.8542851861,1
05837,05837301701,0,21.1716275003,058373017,7.79770325999,-76.9309356736,1
05837,05837301702,0,29.8664511214,058373017,7.78873895516,-76.8970175908,1
05837,05837301703,0,25.2402255444,058373017,7.75329128367,-76.9425965542,1
05837,05837301704,0,28.8023915469,058373017,7.78960178516,-76.9644298494,1
05837,05837301705,0,20.5360435563,058373017,7.7987102866,-76.9966458642,1
05837,05837301706,0,25.7329609999,058373017,7.79679485338,-77.0320551553,1
05837,05837301801,0,17.2795114742,058373018,7.83915263139,-77.0510109088,1
05837,05837301802,0,18.6358987599,058373018,7.8133716889,-77.1044181891,1
05837,05837301803,0,18.4550094062,058373018,7.78209261488,-77.0891498357,1
05837,05837301804,0,22.7863783976,058373018,7.78070892831,-77.0668038371,1
05837,05837301805,0,17.2994565419,058373018,7.75034946683,-77.0463974347,1
05837,05837301901,0,26.5726535157,058373019,7.74554409185,-77.0114560953,1
05837,05837301902,2,20.8238949966,058373019,7.67757050434,-76.9607923579,1
05837,05837301903,37,21.7660137227,058373019,7.71093411636,-76.9513118484,1
05837,05837301904,0,23.9983633882,058373019,7.71703750346,-76.9928627998,1
05837,05837302001,21,18.381722455,058373020,7.67500441724,-76.9936703866,1
05837,05837302101,24,28.7058793496,058373021,7.69702908891,-76.913622871,1
05837,05837302102,4,30.976101302,058373021,7.72076880308,-76.885455008,1
05837,05837302103,11,22.389611708,058373021,7.69803452963,-76.8414650255,1
05837,05837302104,26,21.2787095643,058373021,7.66549527095,-76.8567098658,1
05837,05837302105,25,24.3646110068,058373021,7.6527113393,-76.8922650031,1
05837,05837302201,17,17.7656645234,058373022,7.62649724244,-76.8875172448,1
05837,05837302202,11,17.2118046875,058373022,7.60183505659,-76.9299817598,1
05837,05837302203,26,24.2297681667,058373022,7.62317004994,-76.9221461639,1
05837,05837302204,3,17.4419205382,058373022,7.59571865115,-76.864469248,1
05837,05837302205,9,18.8435673382,058373022,7.59647773047,-76.821860606,1
05837,05837302206,13,19.1611081065,058373022,7.6151630891,-76.8133196289,1
05837,05837302207,17,20.8724968455,058373022,7.64790331901,-76.8141244581,1
05837,05837302301,4,22.060811507,058373023,7.59044095591,-76.774882163,1
05837,05837302302,0,18.6394302338,058373023,7.58532438007,-76.7410935628,1
05837,05837302303,2,27.3071172822,058373023,7.54573911916,-76.7407162027,1
05837,05837302304,63,18.730969776,058373023,7.51031821523,-76.6806879793,1
05837,05837302305,2,21.3628131737,058373023,7.52563952937,-76.7091947757,1
05837,05837302306,10,12.0758920288,058373023,7.47977500084,-76.6705154842,1
05837,05837302401,0,11.5653814562,058373024,8.22977085746,-76.9663244767,1
05837,05837302402,0,16.3691074477,058373024,8.15796461543,-76.9387391877,1
05837,05837302403,1,16.1558619838,058373024,8.08320244022,-76.9178584886,1
05837,05837302404,1,31.946780016600002,058373024,8.10840088479,-76.8659884515,1
05837,05837302501,1,21.6776149969,058373025,8.06531454667,-76.8860855026,1
05837,05837302502,0,23.6007240624,058373025,7.98673089906,-76.9379748328,1
05837,05837302503,0,24.1589148109,058373025,7.89553339213,-76.9965009105,1
05837,05837302504,0,33.1350657149,058373025,7.86293768795,-76.9527176678,1
05837,05837302505,3,24.3703263744,058373025,8.03996750366,-76.8991191889,1
05837,05837302506,0,17.9968413911,058373025,8.00512883197,-76.959498272,1
05837,05837302507,0,20.6839661024,058373025,8.00022132677,-76.9870823191,1
05837,05837302508,0,14.9761885904,058373025,7.94157564356,-76.9974001743,1
05837,05837302509,0,19.7247734889,058373025,7.94086540997,-76.9786421389,1
05837,05837302510,1,24.8758674705,058373025,7.92630090324,-76.9483724206,1
05837,05837302511,0,19.3558437303,058373025,7.83604259309,-77.007602006,1
05837,05837302512,0,22.5234984466,058373025,7.86388335694,-77.0044363364,1
05837,05837302601,0,33.8686669,058373026,7.86191764335,-76.9182193803,1
05837,05837302602,0,29.5205630078,058373026,7.87572304669,-76.8868685228,1
05842,05842300101,120,20.167583375,058423001,6.94146511092,-76.2165476627,1
05842,05842300102,166,19.2278414144,058423001,6.92570424445,-76.1887587037,1
05842,05842300103,151,23.2428986682,058423001,6.93421423144,-76.1591136327,1
05842,05842300104,135,19.8807622116,058423001,6.9467727299,-76.1306877877,1
05842,05842300201,149,21.2934595055,058423002,6.9251505808,-76.1018460796,1
05842,05842300202,98,19.7597176151,058423002,6.92598622596,-76.062691236,1
05842,05842300203,174,19.7176690961,058423002,6.94617203527,-76.0156728885,1
05842,05842300204,3,17.7581094804,058423002,6.97651045705,-75.9906188689,1
05842,05842300301,238,25.3625038711,058423003,6.88130536502,-76.2175726945,1
05842,05842300302,180,22.9157415309,058423003,6.86719004725,-76.1833390409,1
05842,05842300303,55,20.1974012675,058423003,6.89394564092,-76.1372621949,1
05842,05842300304,222,18.2645038251,058423003,6.85473807938,-76.1542908835,1
05842,05842300305,121,16.3956508718,058423003,6.87137376342,-76.1154629574,1
05842,05842300306,0,0.475315458681,058423003,6.89977479342,-76.2244906427,1
05842,05842300307,20,0.900437918159,058423003,6.87183146732,-76.2294547977,1
05847,05847300101,7,22.42999857,058473001,6.56086898644,-76.3713691199,1
05847,05847300102,0,7.91609716002,058473001,6.54891725123,-76.4006883106,1
05847,05847300103,0,11.7034283678,058473001,6.51295430577,-76.3984665596,1
05847,05847300104,0,14.6285183741,058473001,6.48732027172,-76.3402085153,1
05847,05847300105,0,16.0488873631,058473001,6.49132923801,-76.3845540255,1
05847,05847300106,0,3.20034711974,058473001,6.52408024537,-76.3774027712,1
05847,05847300107,0,7.38422792015,058473001,6.55408642557,-76.3882042273,1
05847,05847300108,11,7.61354088123,058473001,6.51392543966,-76.3556790486,1
05847,05847300109,0,2.80087930633,058473001,6.56182729255,-76.4135020998,1
05847,05847300201,0,18.0108685421,058473002,6.51158393367,-76.2919099235,1
05847,05847300202,0,21.7764404897,058473002,6.4763074962,-76.2790160239,1
05847,05847300203,0,20.9390627228,058473002,6.49736032669,-76.2640711017,1
05847,05847300204,0,27.6823602377,058473002,6.54307526117,-76.2212818826,1
05847,05847300205,4,24.721849034,058473002,6.55804821391,-76.1800737857,1
05847,05847300206,0,3.82141728836,058473002,6.51546530203,-76.3366886805,1
05847,05847300301,0,23.7552340417,058473003,6.55439741155,-76.5500437183,1
05847,05847300302,0,8.4010966577,058473003,6.5087247151,-76.5327959818,1
05847,05847300303,1,9.02962919069,058473003,6.47912936674,-76.5243701977,1
05847,05847300304,0,7.28472036091,058473003,6.45136959255,-76.5401199216,1
05847,05847300305,0,14.599816584,058473003,6.44548132054,-76.5220817639,1
05847,05847300306,0,5.08068905178,058473003,6.50863446806,-76.5499486698,1
05847,05847300307,0,9.23440618255,058473003,6.54767661184,-76.5320854003,1
05847,05847300308,0,9.8697882223,058473003,6.51507767345,-76.5182632679,1
05847,05847300309,0,2.57355502728,058473003,6.48082971268,-76.5054564083,1
05847,05847300401,0,18.518677902,058473004,6.53197250429,-76.4332655341,1
05847,05847300402,45,18.8473757961,058473004,6.48846964179,-76.4292559965,1
05847,05847300403,17,18.1585274712,058473004,6.46265077226,-76.4286950408,1
05847,05847300404,0,16.0007776944,058473004,6.45848852488,-76.3628500712,1
05847,05847300405,0,24.405657885,058473004,6.41935003928,-76.3980868461,1
05847,05847300406,0,21.6936007876,058473004,6.41916250327,-76.3613740936,1
05847,05847300407,0,4.11604972557,058473004,6.43370656298,-76.4172009015,1
05847,05847300408,0,4.63363563202,058473004,6.52662942505,-76.4152667541,1
05847,05847300409,0,5.3593739635,058473004,6.45911794995,-76.3934954462,1
05847,05847300501,1,20.9967066888,058473005,6.55870464312,-76.1464977588,1
05847,05847300502,11,18.3419623471,058473005,6.51907161803,-76.1746157298,1
05847,05847300503,1,17.6430274442,058473005,6.50537919143,-76.2213458096,1
05847,05847300504,22,20.1824694924,058473005,6.47933578693,-76.2071956985,1
05847,05847300505,55,21.7271254446,058473005,6.44789887134,-76.2337457221,1
05847,05847300506,71,22.768845924,058473005,6.4223760604,-76.2553689492,1
05847,05847300601,20,21.9343964774,058473006,6.52179104047,-76.1276419044,1
05847,05847300602,5,25.2257287733,058473006,6.48238373696,-76.1516029075,1
05847,05847300603,13,25.0408597475,058473006,6.45449430815,-76.1612677941,1
05847,05847300604,94,19.4713533003,058473006,6.42480315287,-76.1968534622,1
05847,05847300605,5,19.7874446796,058473006,6.4180170382,-76.1583570466,1
05847,05847300701,6,20.281452385,058473007,6.49164912791,-76.4935016994,1
05847,05847300702,0,11.2790279309,058473007,6.45039247388,-76.4615948646,1
05847,05847300703,102,10.220297617,058473007,6.44029292825,-76.4871653965,1
05847,05847300704,0,13.7709270185,058473007,6.42005564598,-76.4547342775,1
05847,05847300705,0,15.8932810667,058473007,6.38108191273,-76.4727715014,1
05847,05847300706,0,21.1037564522,058473007,6.38181669686,-76.4359739217,1
05847,05847300707,0,6.24040321375,058473007,6.39065965338,-76.4520158382,1
05847,05847300708,0,9.03421944107,058473007,6.42505488715,-76.502026953,1
05847,05847300709,7,9.8192197552,058473007,6.45969330428,-76.4527294735,1
05847,05847300710,0,3.1759727445,058473007,6.41505970817,-76.4781052702,1
05847,05847300801,1,20.5028133884,058473008,6.3817082375,-76.3511242714,1
05847,05847300802,12,19.1581803538,058473008,6.35833866599,-76.3745640245,1
05847,05847300803,1,23.9867667545,058473008,6.36237625143,-76.4132225894,1
05847,05847300804,0,8.3158240953300009,058473008,6.33276203208,-76.4059323688,1
05847,05847300805,0,9.05389798349,058473008,6.31407627877,-76.4689904591,1
05847,05847300806,0,12.5434230817,058473008,6.29787337474,-76.4311176984,1
05847,05847300807,0,7.16623687629,058473008,6.32325458007,-76.4355830733,1
05847,05847300808,0,4.57475993366,058473008,6.3376606109900004,-76.4449700316,1
05847,05847300809,5,6.57282999722,058473008,6.30157938469,-76.4598463616,1
05847,05847300810,3,6.24359837962,058473008,6.25290830378,-76.4567153257,1
05847,05847300811,11,5.56167163372,058473008,6.27432653,-76.4502180884,1
05847,05847300812,0,3.68488086207,058473008,6.28409177475,-76.4593174025,1
05847,05847300901,0,19.9819404792,058473009,6.45470603829,-76.3230574495,1
05847,05847300902,0,21.9204506155,058473009,6.42999001741,-76.3023858073,1
05847,05847300903,0,31.3021436979,058473009,6.37244215933,-76.3146012097,1
05847,05847300904,90,31.7088077352,058473009,6.3829519355,-76.2817030993,1
05847,05847300905,97,25.6251266028,058473009,6.36021376474,-76.2449551393,1
05847,05847301001,0,8.8673639504,058473010,6.41042675062,-76.5248943808,1
05847,05847301002,0,22.3749328251,058473010,6.37850726276,-76.500443531,1
05847,05847301003,0,24.367661334,058473010,6.3421622912,-76.4989731714,1
05847,05847301101,0,15.7393787028,058473011,6.31925989254,-76.3788888081,1
05847,05847301102,0,22.4308233675,058473011,6.30856061919,-76.3393085166,1
05847,05847301103,1,18.5440781527,058473011,6.28066328906,-76.4140339977,1
05847,05847301104,9,20.5800926447,058473011,6.25428198976,-76.3769402194,1
05847,05847301105,0,8.51788184477,058473011,6.26712226068,-76.3430557737,1
05847,05847301106,89,13.3112099318,058473011,6.24627299898,-76.405767441,1
05847,05847301107,0,17.7295047533,058473011,6.24066883734,-76.3401073486,1
05847,05847301108,0,3.60005337703,058473011,6.30267008884,-76.4008563533,1
05847,05847301109,0,0.869807419122,058473011,6.29308296134,-76.3831261646,1
05847,05847301110,0,3.88271951222,058473011,6.2809304838,-76.3736519968,1
05847,05847301111,0,8.10708068456,058473011,6.29091859992,-76.3595302101,1
05847,05847301112,1,5.84924899521,058473011,6.24308368246,-76.4328362501,1
05847,05847301201,0,14.9667016035,058473012,6.33528884999,-76.3138583232,1
05847,05847301202,24,16.4331675505,058473012,6.32094240697,-76.2631213073,1
05847,05847301203,0,17.8639271741,058473012,6.30385993364,-76.3050530893,1
05847,05847301204,1,18.3899554597,058473012,6.28854536952,-76.2673489028,1
05847,05847301205,0,26.4106894292,058473012,6.26237846387,-76.2844356139,1
05847,05847301206,0,25.1519437433,058473012,6.2340620940100004,-76.2754495473,1
05847,05847301207,0,4.35678892504,058473012,6.2250100072,-76.3251407428,1
05847,05847301301,265,20.1052265579,058473013,6.39225495139,-76.2130662459,1
05847,05847301302,259,24.1305007036,058473013,6.37008480486,-76.1763600463,1
05847,05847301303,213,20.361410696,058473013,6.34845984572,-76.2080619729,1
05847,05847301304,86,20.414903212,058473013,6.30561006379,-76.2245806586,1
05847,05847301305,18,23.7357860926,058473013,6.29486960416,-76.1903411424,1
05847,05847301401,0,20.7254817693,058473014,6.25169298456,-76.2282110883,1
05847,05847301402,35,23.5991064767,058473014,6.24276799087,-76.1950457969,1
05847,05847301403,81,19.2343904204,058473014,6.25863310855,-76.1553211242,1
05847,05847301404,70,20.2181721289,058473014,6.2826849692,-76.1244576119,1
05847,05847301405,29,23.7667927114,058473014,6.20270159695,-76.1988651666,1
05847,05847301406,288,24.2610938607,058473014,6.21620138714,-76.1539702185,1
05847,05847301501,20,19.8209378326,058473015,6.33723507559,-76.0082898559,1
05847,05847301502,52,22.7357328748,058473015,6.30669924042,-76.0232576013,1
05847,05847301503,35,18.6206714098,058473015,6.30694619522,-76.0588811515,1
05847,05847301504,25,21.8155739967,058473015,6.27678701218,-76.0568099251,1
05847,05847301505,108,20.9878361886,058473015,6.25478575544,-76.0843933259,1
05847,05847301506,160,19.4621732774,058473015,6.23391052655,-76.1009784639,1
05847,05847301601,0,23.7901296129,058473016,6.19175709811,-76.4360654388,1
05847,05847301602,16,18.8824671959,058473016,6.21992477741,-76.4353226532,1
05847,05847301603,5,8.98667159455,058473016,6.21398952564,-76.3859614465,1
05847,05847301604,9,11.6513056898,058473016,6.21054612436,-76.3407020858,1
05847,05847301605,0,18.1381980957,058473016,6.2106489721000004,-76.2790473912,1
05847,05847301606,0,7.51865229479,058473016,6.20969666533,-76.4017685434,1
05847,05847301607,0,4.64817341311,058473016,6.20016743307,-76.363022345,1
05847,05847301701,110,19.6413117862,058473017,6.37006672282,-76.1326018484,1
05847,05847301702,121,19.69996387,058473017,6.37043616136,-76.0978241607,1
05847,05847301703,40,19.2195746457,058473017,6.36967090556,-76.0635899378,1
05847,05847301704,213,18.03116796,058473017,6.34417032413,-76.1412882279,1
05847,05847301705,24,20.2082818586,058473017,6.34574800536,-76.0547155101,1
05847,05847301706,64,19.893269294,058473017,6.30993254744,-76.1565507481,1
05847,05847301707,120,22.5861401514,058473017,6.3155520151,-76.104906001,1
05847,05847301801,1,16.7725807759,058473018,6.51668757775,-76.0841282288,1
05847,05847301802,2,17.9392110634,058473018,6.50325901836,-76.1000284037,1
05847,05847301803,0,18.8712191816,058473018,6.456541179,-76.1028119741,1
05847,05847301804,4,21.9098621097,058473018,6.42752253693,-76.0864308795,1
05847,05847301805,9,20.5326337806,058473018,6.4077183075,-76.1282031524,1
05847,05847301806,25,21.1172320042,058473018,6.40872972703,-76.0621475784,1
05847,05847301901,18,18.3379286844,058473019,6.21377331073,-76.0591233476,1
05847,05847301902,152,21.5582620628,058473019,6.18299091531,-76.105818741,1
05847,05847301903,139,21.5743595354,058473019,6.18326257408,-76.0594728922,1
05847,05847301904,52,9.4317466501,058473019,6.16317063117,-76.0793861342,1
05847,05847301905,64,18.3115403432,058473019,6.13783924839,-76.0978794525,1
05847,05847301906,109,23.9533611342,058473019,6.12564254731,-76.0411753534,1
05847,05847301907,28,14.1369871718,058473019,6.15331943422,-76.0362153075,1
05847,05847302001,114,19.8909801902,058473020,6.19881045679,-76.129930007,1
05847,05847302002,30,19.5306760316,058473020,6.13616767767,-76.1465141007,1
05847,05847302003,38,19.5300641576,058473020,6.08737256792,-76.1352694311,1
05847,05847302004,31,27.5965715821,058473020,6.11267883549,-76.1036330735,1
05847,05847302005,0,27.7274384503,058473020,6.04407820276,-76.0942419637,1
05847,05847302006,22,24.7028751699,058473020,6.07543775753,-76.0749065641,1
05847,05847302007,14,33.1258496817,058473020,6.0810625386,-76.0321200265,1
05847,05847302101,75,21.4759916167,058473021,6.17313281671,-76.1821282676,1
05847,05847302102,32,22.3325444597,058473021,6.13499083215,-76.1825858501,1
05847,05847302103,33,21.1328386157,058473021,6.08577640559,-76.1797407014,1
05847,05847302104,19,19.6668362516,058473021,6.05883790099,-76.1524733415,1
05847,05847302105,3,28.3822764816,058473021,6.02599801491,-76.1408055996,1
05847,05847302201,0,2.60485336214,058473022,6.3087818298,-76.524708426,1
05847,05847302202,0,14.1322902428,058473022,6.30892178407,-76.4977431666,1
05847,05847302203,0,1.50323904111,058473022,6.27512795542,-76.5178459945,1
05847,05847302204,0,5.21514984738,058473022,6.25336718647,-76.5138375698,1
05847,05847302205,0,7.69704459072,058473022,6.26415983334,-76.4915780441,1
05847,05847302206,1,18.7564802664,058473022,6.23728534713,-76.4854624236,1
05847,05847302207,0,8.89800333367,058473022,6.21995625058,-76.5116343339,1
05847,05847302208,0,7.79822338256,058473022,6.28589414266,-76.4981284143,1
05847,05847302209,0,2.8659348586,058473022,6.27359139398,-76.4814984892,1
05847,05847302210,0,2.88394581388,058473022,6.2887785256,-76.5184297143,1
05854,05854300101,53,21.812718832,058543001,7.3693396796,-75.3515766101,1
05854,05854300102,32,20.9319553973,058543001,7.33780011874,-75.3907429357,1
05854,05854300103,8,22.7947294964,058543001,7.34180303523,-75.4208785498,1
05854,05854300104,104,20.9372953524,058543001,7.29286061301,-75.4167863768,1
05854,05854300201,1,23.4486453483,058543002,7.3567098841,-75.4928776137,1
05854,05854300202,7,24.7638201165,058543002,7.33974092614,-75.4539957793,1
05854,05854300203,1,23.0866583846,058543002,7.3152411233,-75.501376472,1
05854,05854300204,115,24.637594374,058543002,7.28076644711,-75.4487862706,1
05854,05854300301,231,20.8749850458,058543003,7.25380958538,-75.402071853,1
05854,05854300302,55,20.1780366238,058543003,7.22358532007,-75.4261827769,1
05854,05854300303,183,23.5148176641,058543003,7.19153232629,-75.4338788135,1
05854,05854300304,20,28.8245093287,058543003,7.16530475212,-75.400183521,1
05854,05854300401,80,22.7703386534,058543004,7.16562325232,-75.4560184486,1
05854,05854300402,63,22.6893042238,058543004,7.12688285768,-75.4702214453,1
05854,05854300403,28,22.8571610414,058543004,7.10951869979,-75.435890147,1
05854,05854300404,50,23.6914058363,058543004,7.08397702635,-75.476366384,1
05854,05854300501,26,12.8611886655,058543005,7.28863426749,-75.3008845235,1
05854,05854300502,33,24.6977526178,058543005,7.2700745366,-75.3226841285,1
05854,05854300503,52,24.1970501679,058543005,7.2503092117,-75.3571289225,1
05854,05854300504,22,24.8125926086,058543005,7.21632452394,-75.3718373882,1
05854,05854300601,405,25.8064153574,058543006,7.39799977981,-75.3095875863,1
05854,05854300602,70,20.8261594317,058543006,7.35774902906,-75.2957867326,1
05854,05854300603,129,23.0086819261,058543006,7.33158605324,-75.3183350654,1
05854,05854300604,126,21.9670569445,058543006,7.30526055559,-75.3477746371,1
05854,05854300605,246,20.5616011818,058543006,7.30490405083,-75.3747531313,1
05856,05856300101,79,18.5998397125,058563001,5.68383719797,-75.63957674,1
05856,05856300102,121,20.9091193153,058563001,5.65391803762,-75.6045038145,1
05856,05856300103,195,19.3918534222,058563001,5.64304242963,-75.6447016908,1
05856,05856300104,261,23.8361038754,058563001,5.61313815553,-75.6114960952,1
05856,05856300105,303,20.409291820300002,058563001,5.59675569216,-75.6522303316,1
05856,05856300106,47,21.5222474686,058563001,5.72670937303,-75.6375026938,1
05856,05856300107,90,0.805169656954,058563001,5.65728111252,-75.6359181982,1
05858,05858300101,63,22.0705364395,058583001,6.93596931291,-74.85261827,1
05858,05858300102,91,19.8983704608,058583001,6.8979342153,-74.8500156559,1
05858,05858300103,52,17.8715769175,058583001,6.86629000279,-74.8468683305,1
05858,05858300104,51,19.8849366172,058583001,6.83106502157,-74.8624183266,1
05858,05858300105,156,30.3928013033,058583001,6.85916779437,-74.8154212867,1
05858,05858300201,22,21.273700235,058583002,6.80141866023,-74.8798063667,1
05858,05858300202,25,18.2448603364,058583002,6.76787287492,-74.9002194915,1
05858,05858300203,76,20.8723697886,058583002,6.7477972467,-74.8699355468,1
05858,05858300204,119,19.188400574,058583002,6.78980881398,-74.8404557658,1
05858,05858300205,226,20.7333732353,058583002,6.7657274168,-74.824324992,1
05858,05858300206,58,18.6938129424,058583002,6.82108022488,-74.8033617552,1
05858,05858300207,8,1.08768650084,058583002,6.75974926459,-74.8000609683,1
05858,05858300301,60,20.9260648148,058583003,6.82664458025,-74.7619919724,1
05858,05858300302,48,19.7398286927,058583003,6.79160233477,-74.7774317641,1
05858,05858300303,20,24.6694747193,058583003,6.80829092857,-74.7184071163,1
05858,05858300304,57,24.7581600469,058583003,6.81134410755,-74.6799500667,1
05858,05858300401,76,33.1145003641,058583004,6.86973354581,-74.7621758049,1
05858,05858300402,14,26.6906055698,058583004,6.86421143269,-74.7189567281,1
05858,05858300403,17,19.7959399243,058583004,6.8834376825,-74.690050617,1
05858,05858300404,8,19.8607236241,058583004,6.90404756139,-74.6566461852,1
05858,05858300405,15,15.8425036455,058583004,6.89859163755,-74.6137273493,1
05858,05858300501,39,21.3442815502,058583005,6.84001817562,-74.6646156292,1
05858,05858300502,34,26.3288644267,058583005,6.86050810665,-74.6379678626,1
05858,05858300503,12,17.2861948895,058583005,6.86256943844,-74.5945854769,1
05858,05858300504,37,17.1134127785,058583005,6.83102388043,-74.6052551489,1
05858,05858300505,33,21.3325948877,058583005,6.80464772371,-74.6166260405,1
05861,05861300101,50,13.7004260387,058613001,5.94855373301,-75.8339301244,1
05861,05861300102,97,20.2947145818,058613001,5.98236520637,-75.81494047,1
05861,05861300103,92,18.9640206255,058613001,5.98340817295,-75.7687525794,1
05861,05861300104,359,18.5245890889,058613001,5.97661055003,-75.7187056216,1
05861,05861300201,28,19.4902867226,058613002,5.91347971157,-75.8002633481,1
05861,05861300202,76,15.8136169013,058613002,5.93602694867,-75.788173096,1
05861,05861300203,469,20.1207291294,058613002,5.95133125848,-75.7652245721,1
05861,05861300204,660,14.8383446726,058613002,5.94769253017,-75.7245061472,1
05873,05873300101,23,21.8044267975,058733001,6.8127203069,-76.9341016321,1
05873,05873300102,1,22.7299144248,058733001,6.77619063706,-76.9385263087,1
05873,05873300103,0,20.1389406515,058733001,6.74217285614,-76.9377931691,1
05873,05873300104,0,20.0916704444,058733001,6.68350299731,-76.9347015585,1
05873,05873300105,0,18.3435314267,058733001,6.69649404825,-76.9089433718,1
05873,05873300106,0,20.2683832186,058733001,6.740520968,-76.8984202826,1
05873,05873300201,0,16.6441120939,058733002,6.70001038445,-76.8800362994,1
05873,05873300202,0,20.8734737556,058733002,6.65080697943,-76.8850095142,1
05873,05873300203,3,24.4838188841,058733002,6.64184972976,-76.8403568119,1
05873,05873300204,0,21.9713045861,058733002,6.62806579274,-76.7931414399,1
05873,05873300205,2,17.3139324797,058733002,6.58961603195,-76.8767543526,1
05873,05873300206,1,18.1661423606,058733002,6.60925210547,-76.8323937979,1
05873,05873300207,0,16.0005750142,058733002,6.57811228507,-76.8448477706,1
05873,05873300301,0,19.6790968172,058733003,6.63259634017,-76.7418648939,1
05873,05873300302,0,17.8313017992,058733003,6.63804159504,-76.6883372343,1
05873,05873300303,0,17.4572317612,058733003,6.62383844093,-76.6507991273,1
05873,05873300304,0,16.210185859,058733003,6.62032152237,-76.6151106428,1
05873,05873300305,0,7.79173032315,058733003,6.63057156064,-76.5952052926,1
05873,05873300306,0,28.2479340754,058733003,6.58687957923,-76.6242475813,1
05873,05873300307,0,14.0935285102,058733003,6.58408234142,-76.5769781764,1
05873,05873300308,0,3.86902076638,058733003,6.61251353817,-76.5772505294,1
05873,05873300401,13,18.0311147055,058733004,6.54554399812,-76.8287217701,1
05873,05873300402,14,24.2966009813,058733004,6.57353876863,-76.7941416626,1
05873,05873300403,30,18.8924074787,058733004,6.59177200309,-76.7627434856,1
05873,05873300404,0,19.5861030055,058733004,6.54308597757,-76.779733746,1
05873,05873300405,0,8.43579000752,058733004,6.57357376643,-76.7325191776,1
05873,05873300406,5,9.40897980176,058733004,6.52952845192,-76.7162358456,1
05873,05873300407,0,5.04795893944,058733004,6.54990860724,-76.7094682855,1
05873,05873300408,0,2.79198868228,058733004,6.57391771911,-76.7165395304,1
05873,05873300409,0,4.58128405448,058733004,6.55140200343,-76.7340804092,1
05873,05873300410,0,3.5461196412,058733004,6.54565851885,-76.7483974524,1
05873,05873300501,111,18.3697397593,058733005,6.61019525826,-76.7246057295,1
05873,05873300502,0,14.2780466247,058733005,6.59478559133,-76.673249617,1
05873,05873300503,0,13.3721625394,058733005,6.5780164224,-76.6740076182,1
05873,05873300504,1,16.4310096587,058733005,6.55034438902,-76.6691839525,1
05873,05873300505,11,11.2881009898,058733005,6.58357257983,-76.6981257466,1
05873,05873300506,0,15.3265845736,058733005,6.55132884216,-76.5865548751,1
05873,05873300507,0,9.18082920184,058733005,6.51846943756,-76.6157751561,1
05873,05873300508,0,20.6536746742,058733005,6.53942234237,-76.6271094197,1
05873,05873300509,0,13.1027585748,058733005,6.513272295,-76.5881334968,1
05873,05873300601,10,15.7906692008,058733006,6.51312825287,-76.7990451365,1
05873,05873300602,34,9.00782351367,058733006,6.52532785884,-76.7435764901,1
05873,05873300603,6,16.6190935453,058733006,6.50475377884,-76.7136210463,1
05873,05873300604,0,16.1539162141,058733006,6.48889144689,-76.758874211,1
05873,05873300605,1,21.9193859215,058733006,6.4490667949,-76.7356906323,1
05873,05873300606,2,15.3873405878,058733006,6.46958222296,-76.7115964896,1
05873,05873300607,0,1.34112744514,058733006,6.52283539178,-76.7671221858,1
05873,05873300608,0,6.28257682305,058733006,6.5093306007,-76.7552059602,1
05873,05873300609,0,5.11371786224,058733006,6.49586269318,-76.6936339872,1
05873,05873300701,0,7.64961073875,058733007,6.53606098337,-76.6822042297,1
05873,05873300702,2,15.0280957191,058733007,6.50139898408,-76.6597874713,1
05873,05873300703,99,22.6691981245,058733007,6.47025888451,-76.6671144013,1
05873,05873300704,0,30.7549578062,058733007,6.48350810179,-76.5935734808,1
05873,05873300705,0,12.0127468477,058733007,6.43378954731,-76.6953092677,1
05873,05873300706,0,21.0073743204,058733007,6.43066103138,-76.6441955009,1
05873,05873300707,0,5.34005200721,058733007,6.51852548665,-76.6691894423,1
05873,05873300708,0,6.64674131568,058733007,6.43736196543,-76.6700999705,1
05873,05873300709,68,9.68958845449,058733007,6.47349877782,-76.6339867305,1
05873,05873300801,0,24.6273378296,058733008,6.43406707856,-76.7559995097,1
05873,05873300802,0,19.1412012224,058733008,6.40299375218,-76.6844890629,1
05873,05873300803,6,22.4765247131,058733008,6.39257414846,-76.7660295199,1
05873,05873300804,0,17.9514754309,058733008,6.38920162333,-76.7305429327,1
05873,05873300805,0,16.4666225225,058733008,6.37530639978,-76.6795294406,1
05873,05873300901,0,23.1326678678,058733009,6.46184195862,-76.5715233279,1
05873,05873300902,10,28.4943919839,058733009,6.4307427826,-76.5873740914,1
05873,05873300903,0,26.150973185,058733009,6.40576228713,-76.5837952755,1
05873,05873300904,0,10.9417079194,058733009,6.38855440416,-76.6302410834,1
05873,05873300905,0,11.5511619974,058733009,6.38131608211,-76.5943866334,1
05873,05873300906,0,9.98017139584,058733009,6.35086160897,-76.6171813475,1
05873,05873300907,0,19.9167664513,058733009,6.37829218207,-76.5544675854,1
05873,05873300908,0,13.9412837822,058733009,6.34277918506,-76.6114824347,1
05873,05873300909,0,12.7624289427,058733009,6.37253481562,-76.6393357542,1
05873,05873301001,0,14.8134206212,058733010,6.33375419691,-76.6723013503,1
05873,05873301002,0,11.5127291351,058733010,6.30258234181,-76.6468213116,1
05873,05873301003,0,13.3932815246,058733010,6.31770944432,-76.613276815,1
05873,05873301004,29,33.6865753922,058733010,6.29574512703,-76.5691315225,1
05873,05873301005,4,22.1139592708,058733010,6.25837383796,-76.6213175875,1
05873,05873301006,0,26.8603057014,058733010,6.27141657863,-76.5746665584,1
05873,05873301007,0,23.6610882936,058733010,6.23886424588,-76.5465957487,1
05873,05873301008,0,4.52779666082,058733010,6.32059045757,-76.6411996332,1
05873,05873301009,0,4.43031514254,058733010,6.34877475075,-76.658617659,1
05873,05873301010,1,14.1830495718,058733010,6.34795137158,-76.5645755876,1
05873,05873301011,0,24.2537894698,058733010,6.33121341761,-76.5521612492,1
05873,05873301201,0,18.596330463,058733012,6.34143112548,-76.7682974158,1
05873,05873301202,1,20.9677578662,058733012,6.35425046093,-76.7127165101,1
05873,05873301203,0,19.554093842,058733012,6.32197801032,-76.7492138613,1
05873,05873301204,35,19.3567750796,058733012,6.2815156679,-76.7508831394,1
05873,05873301205,15,18.3618542008,058733012,6.30791080655,-76.7148826624,1
05873,05873301301,1,19.1684367266,058733013,6.30155485371,-76.6833061915,1
05873,05873301302,0,17.3173640462,058733013,6.27274838342,-76.7086881736,1
05873,05873301303,1,20.6773026307,058733013,6.25842889002,-76.6681987779,1
05873,05873301304,15,18.5497438335,058733013,6.24379074182,-76.71469485,1
05873,05873301305,33,21.5582501136,058733013,6.23121783224,-76.6502459987,1
05873,05873301401,40,17.5633021742,058733014,6.21170425156,-76.6810983126,1
05873,05873301402,17,20.2952939304,058733014,6.18509045473,-76.695541494,1
05873,05873301403,25,22.9158430578,058733014,6.19676134455,-76.6408143533,1
05873,05873301404,44,23.4296363665,058733014,6.21860174907,-76.596099469,1
05873,05873301405,61,18.3555179042,058733014,6.20245525887,-76.5659934093,1
05873,05873301406,10,21.6405784984,058733014,6.19680157621,-76.52309541,1
05873,05873301407,0,23.2503706174,058733014,6.19089090224,-76.4762049379,1
05885,05885300101,104,20.3724225874,058853001,6.71448276655,-74.9069697799,1
05885,05885300102,123,21.5651852666,058853001,6.70989782024,-74.8658146782,1
05885,05885300103,27,21.0680309144,058853001,6.68181294759,-74.9219114002,1
05885,05885300104,150,20.7850440542,058853001,6.67838845112,-74.8611956953,1
05885,05885300105,91,20.8555629806,058853001,6.65284289189,-74.8838958126,1
05885,05885300106,79,23.6029954084,058853001,6.6674807442,-74.8167282776,1
05885,05885300201,62,23.9118287273,058853002,6.77373164373,-74.7314802007,1
05885,05885300202,76,22.5550790517,058853002,6.74935381832,-74.7716251386,1
05885,05885300203,38,20.6245533146,058853002,6.72548729946,-74.8206726906,1
05885,05885300204,17,23.8398663318,058853002,6.71038759899,-74.7872541255,1
05885,05885300205,65,23.3523889768,058853002,6.67467089914,-74.7708010235,1
05885,05885300301,41,25.9022031943,058853003,6.76647757788,-74.6784267691,1
05885,05885300302,64,22.4379340453,058853003,6.73606295157,-74.72114408,1
05885,05885300303,81,26.2290978251,058853003,6.70778689989,-74.7348086969,1
05885,05885300304,47,24.5846668739,058853003,6.69290813789,-74.6902487758,1
05885,05885300401,39,24.9323528288,058853004,6.77542357533,-74.61649184,1
05885,05885300402,84,23.6925786567,058853004,6.73545694642,-74.6614804725,1
05885,05885300403,75,26.5579545916,058853004,6.73750838068,-74.6045137183,1
05885,05885300404,38,23.1103898074,058853004,6.70794096579,-74.6304031548,1
05887,05887300101,32,22.095640093,058873001,7.15549312742,-75.3434364232,1
05887,05887300102,32,25.1532782968,058873001,7.11652163473,-75.3618935427,1
05887,05887300201,73,24.6478256774,058873002,7.07178682265,-75.374984574,1
05887,05887300202,27,25.6299325164,058873002,7.03195393352,-75.3890565027,1
05887,05887300203,16,20.4488709253,058873002,7.01133417911,-75.4136047644,1
05887,05887300301,160,12.5339946474,058873003,7.08053670762,-75.3433966485,1
05887,05887300302,40,5.74726027573,058873003,7.03013463616,-75.3466980561,1
05887,05887300401,67,17.2450856436,058873004,6.95033010069,-75.4502642351,1
05887,05887300402,118,22.0493208281,058873004,6.92109969532,-75.4567345766,1
05887,05887300403,44,18.700341886,058873004,6.89571596617,-75.4706009479,1
05887,05887300501,22,25.6828556586,058873005,6.89790233901,-75.5148566913,1
05887,05887300502,45,20.2387003193,058873005,6.87201038072,-75.5189643731,1
05887,05887300503,194,25.3634353577,058873005,6.83360458541,-75.4829712899,1
05887,05887300601,135,22.3876578451,058873006,6.99534144003,-75.4522180133,1
05887,05887300602,68,23.3559536616,058873006,6.95370540939,-75.4972427136,1
05887,05887300603,41,22.6208278782,058873006,6.92661619726,-75.5336774365,1
05887,05887300701,255,32.0711949879,058873007,7.02546538576,-75.6148982994,1
05887,05887300702,81,30.6272319268,058873007,6.99546932269,-75.5714975378,1
05887,05887300703,36,18.18257001,058873007,6.96921142169,-75.5660747693,1
05887,05887300801,85,22.9382898042,058873008,7.20299543409,-75.338140008,1
05887,05887300802,90,23.6989562262,058873008,7.13236499675,-75.3916258114,1
05887,05887300901,87,19.3807234721,058873009,7.07151496789,-75.4280537401,1
05887,05887300902,65,21.8030525306,058873009,7.02977792676,-75.4357692525,1
05887,05887301001,1,21.1921801823,058873010,6.99784773297,-75.3656389962,1
05887,05887301002,293,24.329373662,058873010,6.9632691997,-75.3923869627,1
05887,05887301101,109,23.2107648887,058873011,6.92082877064,-75.4144413686,1
05887,05887301102,359,19.9318575031,058873011,6.92512085938,-75.3718313133,1
05887,05887301201,72,20.1776271578,058873012,7.03548613996,-75.4770092168,1
05887,05887301202,63,24.535812502,058873012,6.98331046282,-75.4985781574,1
05887,05887301301,11,17.7986752618,058873013,6.94823391339,-75.5656622698,1
05887,05887301302,15,14.3365024922,058873013,6.89641458823,-75.5703003316,1
05887,05887301401,10,17.319038124,058873014,6.85380352401,-75.5322537694,1
05887,05887301402,57,23.8262252556,058873014,6.8289465847,-75.5263152341,1
05890,05890300101,66,21.5274899173,058903001,6.66056779168,-75.1023481082,1
05890,05890300102,9,21.3252120475,058903001,6.63609986638,-75.0700869706,1
05890,05890300103,99,19.7354357071,058903001,6.63625981726,-75.1280982576,1
05890,05890300104,71,21.323487112,058903001,6.60651039088,-75.1210823844,1
05890,05890300105,299,22.5999512513,058903001,6.58168608564,-75.1278328131,1
05890,05890300106,314,25.7072682957,058903001,6.5632366198,-75.1681189656,1
05890,05890300201,20,22.5788167764,058903002,6.75943485574,-75.0953886455,1
05890,05890300202,46,24.1708139565,058903002,6.73446023869,-75.0508755294,1
05890,05890300203,143,23.6347540007,058903002,6.71514664376,-75.0109193046,1
05890,05890300204,16,19.8906775009,058903002,6.7245013949,-75.095038143,1
05890,05890300205,16,23.6115208336,058903002,6.69626112466,-75.082451872,1
05890,05890300206,14,16.3450679862,058903002,6.67548975208,-75.0558403659,1
05890,05890300207,219,23.0608386844,058903002,6.65307155285,-75.0220757663,1
05890,05890300301,117,19.8424491177,058903003,6.79668331232,-75.0273552607,1
05890,05890300302,65,19.8823612781,058903003,6.78787332765,-74.9911148889,1
05890,05890300303,55,18.8140577511,058903003,6.75571090618,-74.99869017,1
05890,05890300304,6,18.80570229,058903003,6.74326057775,-74.9400764907,1
05890,05890300305,49,20.1110579634,058903003,6.7296812272,-74.9694255719,1
05890,05890300306,54,16.339978377,058903003,6.69727076884,-74.9600814216,1
05890,05890300401,237,21.3226495131,058903004,6.67681418443,-75.000251952,1
05890,05890300402,286,23.5173545255,058903004,6.65570908821,-74.9505559278,1
05890,05890300403,215,17.4839007814,058903004,6.62731142186,-74.9816765713,1
05890,05890300404,242,19.0667799394,058903004,6.61828300611,-74.9463015646,1
05890,05890300501,229,19.7894529447,058903005,6.61695547521,-75.034566344,1
05890,05890300502,179,18.4393683124,058903005,6.59583196543,-75.0584600634,1
05890,05890300503,286,24.6634390067,058903005,6.56686157876,-75.0284466841,1
05890,05890300504,174,23.8764052139,058903005,6.58055723115,-74.9907191568,1
05890,05890300505,233,24.7550645341,058903005,6.56596579225,-74.9597250371,1
05890,05890300506,46,20.9778416756,058903005,6.54983659044,-74.9288264185,1
05890,05890300601,134,20.90551995,058903006,6.61771806197,-74.9058651869,1
05890,05890300602,241,19.5865782994,058903006,6.63035474916,-74.8548246081,1
05890,05890300603,92,16.6109809245,058903006,6.61989573424,-74.8182286977,1
05890,05890300604,97,23.5177499846,058903006,6.58360277802,-74.9073608955,1
05890,05890300605,120,27.1664257019,058903006,6.59106649106,-74.8586268457,1
05890,05890300606,13,16.6157640847,058903006,6.5449521491,-74.8839236597,1
05890,05890300607,5,17.5641401915,058903006,6.5209035856,-74.8783240335,1
05890,05890300701,88,18.2653457122,058903007,6.64928291314,-74.7555773351,1
05890,05890300702,17,18.9607953409,058903007,6.6525019695,-74.7126596642,1
05890,05890300703,93,17.3475449896,058903007,6.62429094364,-74.780695723,1
05890,05890300801,7,24.3873656747,058903008,6.66762622414,-74.6671354572,1
05890,05890300802,6,23.7393551026,058903008,6.63672375876,-74.6595983564,1
05890,05890300803,1,17.9735621857,058903008,6.67753835209,-74.6175182552,1
05890,05890300804,3,20.144612351,058903008,6.67882204347,-74.5863598276,1
05890,05890300805,13,22.5575710622,058903008,6.6957738618,-74.5351684791,1
05890,05890300806,13,21.6472286252,058903008,6.66307638615,-74.5571951287,1
05893,05893300101,45,19.2828993518,058933001,7.25299040509,-73.9353147275,1
05893,05893300102,36,16.6650905637,058933001,7.21895387862,-73.9456702948,1
05893,05893300103,30,22.8956495448,058933001,7.21249209315,-73.9716783669,1
05893,05893300104,73,25.7446007087,058933001,7.15063833783,-73.9465415183,1
05893,05893300105,0,17.8735957519,058933001,7.14459478035,-73.966350411,1
05893,05893300201,173,22.3717130526,058933002,7.07723082965,-73.9192851868,1
05893,05893300202,85,17.0088462826,058933002,7.05127366223,-73.9324757155,1
05893,05893300203,131,19.1530008676,058933002,7.0571958956,-73.9132460725,1
05893,05893300204,113,19.9674646559,058933002,6.98538098971,-73.916491768,1
05893,05893300205,167,19.5342402596,058933002,7.00394080536,-73.9447490139,1
05893,05893300206,46,19.2636983456,058933002,7.04812436271,-73.9581707469,1
05893,05893300207,39,19.4517177597,058933002,7.02161489838,-74.0067528604,1
05893,05893300208,58,17.6658871344,058933002,7.01832200102,-73.9795057715,1
05893,05893300209,50,21.1624171089,058933002,6.98426216419,-74.00850283,1
05893,05893300301,37,16.7070452006,058933003,7.17812300803,-73.9931216698,1
05893,05893300302,31,16.1178879014,058933003,7.12116622743,-73.9847295324,1
05893,05893300303,17,17.882221168,058933003,7.10741505768,-73.9944112899,1
05893,05893300304,12,24.661470726,058933003,7.07796824497,-74.0001062867,1
05893,05893300305,44,20.1414538674,058933003,7.04518584695,-74.0249496492,1
05893,05893300306,53,24.2201791013,058933003,6.99011300106,-74.0508670984,1
05893,05893300307,25,17.3105919019,058933003,7.02737898523,-74.0714456662,1
05893,05893300308,41,20.1659442023,058933003,6.99650959206,-74.0894872649,1
05893,05893300401,21,14.9659165668,058933004,7.12129811493,-74.0920233344,1
05893,05893300402,3,7.39116585961,058933004,7.09923374752,-74.1233707511,1
05893,05893300403,14,14.1924125103,058933004,7.08357567452,-74.1178975802,1
05893,05893300404,11,26.0359677241,058933004,7.05367007521,-74.1079482375,1
05893,05893300405,36,29.4804216077,058933004,7.04918053877,-74.150999414,1
05893,05893300501,19,4.96139343076,058933005,6.94019581642,-74.1918092181,1
05893,05893300502,10,27.8454580728,058933005,6.91331474081,-74.2102400333,1
05893,05893300503,22,20.0570199571,058933005,6.91462196202,-74.178104676,1
05893,05893300504,46,22.4553957367,058933005,6.9325264123,-74.1496590361,1
05893,05893300505,39,22.573014181,058933005,6.93640928652,-74.1158045273,1
05893,05893300506,17,16.8570872342,058933005,6.89685540296,-74.1209941285,1
05893,05893300601,24,26.6424616451,058933006,6.91001749687,-74.3016923024,1
05893,05893300602,22,21.6674913139,058933006,6.90098918958,-74.3358057612,1
05893,05893300603,28,25.2790749602,058933006,6.88023972088,-74.3689192739,1
05893,05893300604,16,16.4340611938,058933006,6.84532799589,-74.352569077,1
05893,05893300605,27,24.0210731643,058933006,6.84401255867,-74.3189885682,1
05893,05893300701,2,19.9783388169,058933007,6.78342252618,-74.3691724741,1
05893,05893300702,2,24.0499674248,058933007,6.80517050954,-74.3454584559,1
05893,05893300703,1,17.4653231509,058933007,6.78226446694,-74.308558937,1
05893,05893300704,3,27.3235739916,058933007,6.74940230404,-74.318233064,1
05893,05893300705,0,17.0050683097,058933007,6.71939613508,-74.3437750511,1
05893,05893300801,48,23.9610345963,058933008,7.17541822143,-74.0218489702,1
05893,05893300802,27,25.779737319,058933008,7.14356263035,-74.0476440469,1
05893,05893300803,7,16.1304541396,058933008,7.10592409839,-74.0394336525,1
05893,05893300804,16,17.1701269708,058933008,7.08917032716,-74.0560851556,1
05893,05893300805,15,16.9714717681,058933008,7.06956747327,-74.0704465493,1
05893,05893300901,39,20.6650292445,058933009,7.03107884642,-74.1935805971,1
05893,05893300902,8,6.42484359131,058933009,6.95265007562,-74.1968872519,1
05893,05893300903,17,16.9621405621,058933009,7.01397956952,-74.1235516576,1
05893,05893300904,4,16.6688315246,058933009,6.97503348147,-74.2135210043,1
05893,05893300905,48,27.328465514,058933009,6.97265446504,-74.1658352199,1
05893,05893300906,49,22.987563335,058933009,6.9987963751,-74.1585913956,1
05893,05893301001,84,16.8555595156,058933010,6.97109290648,-73.9640834657,1
05893,05893301002,39,16.4315503723,058933010,6.95561373252,-74.0104068843,1
05893,05893301003,46,25.3898925481,058933010,6.93391820737,-74.0118023524,1
05893,05893301004,25,17.259399482,058933010,6.92795515423,-74.0738764611,1
05893,05893301005,41,20.4740595193,058933010,6.95684672509,-74.0851010355,1
05893,05893301101,7,27.6472263629,058933011,6.89725695597,-74.0630712064,1
05893,05893301102,9,19.7412430142,058933011,6.87226754351,-74.0589354425,1
05893,05893301201,50,21.9933988948,058933012,6.82890485699,-74.3927395832,1
05893,05893301202,4,17.4244594044,058933012,6.79683507103,-74.4620953342,1
05893,05893301203,18,25.3267129415,058933012,6.74948563029,-74.4206192172,1
05893,05893301204,4,18.6763155809,058933012,6.78039730828,-74.4063789106,1
05893,05893301301,5,20.886297338,058933013,6.98456645175,-74.2378366097,1
05893,05893301302,4,21.3188882781,058933013,6.94299555861,-74.275535602,1
05893,05893301303,5,19.3712474479,058933013,6.91097005368,-74.2401158301,1
05893,05893301304,2,23.0389501608,058933013,6.89467797084,-74.2676488628,1
05893,05893301305,8,22.9957867936,058933013,6.8573390673,-74.2665598022,1
05893,05893301306,7,17.459099385,058933013,6.81255394171,-74.289884972,1
05893,05893301307,5,15.5734841938,058933013,6.8182989551,-74.2679624629,1
05893,05893301308,1,11.2682739483,058933013,6.80433771222,-74.2438115072,1
05893,05893301309,0,9.72628568931,058933013,6.78427660762,-74.2597406863,1
05893,05893301310,0,8.17600584089,058933013,6.75186735925,-74.2788867166,1
05893,05893301311,2,14.0555239122,058933013,6.74981557148,-74.2585102969,1
05893,05893301401,5,19.8045486012,058933014,6.74271009231,-74.3740774038,1
05893,05893301402,0,18.4359796479,058933014,6.69298137287,-74.2549384064,1
05893,05893301403,3,18.6827797112,058933014,6.70547596077,-74.2871725013,1
05893,05893301404,5,22.9637923232,058933014,6.6559138566,-74.3613269902,1
05893,05893301405,5,18.7785567486,058933014,6.68203283163,-74.330353686,1
05893,05893301406,8,19.154939637,058933014,6.67740717829,-74.3108831925,1
05893,05893301407,1,23.7005698558,058933014,6.69532767689,-74.3762596049,1
05893,05893301408,2,17.3613581944,058933014,6.72547081723,-74.2476927063,1
05893,05893301501,17,21.7788702977,058933015,6.86820025868,-74.2104972605,1
05893,05893301502,16,16.3278173938,058933015,6.85052245012,-74.1900947505,1
05893,05893301503,3,22.4542339687,058933015,6.8642681909,-74.1162152434,1
05893,05893301504,3,26.0220223556,058933015,6.8232317978,-74.1098314994,1
05893,05893301505,7,24.8390132286,058933015,6.82289874154,-74.1771557059,1
05893,05893301506,9,15.5932131793,058933015,6.81668479621,-74.2159682613,1
05893,05893301507,11,20.3590722911,058933015,6.85429494732,-74.1503883389,1
05893,05893301601,4,18.5403936888,058933016,6.78613164048,-74.2061165772,1
05893,05893301602,0,17.0891644251,058933016,6.78772263409,-74.1638093074,1
05893,05893301603,0,19.7296844253,058933016,6.78110846823,-74.125225746,1
05893,05893301604,3,17.659144352,058933016,6.75045817516,-74.1687385032,1
05893,05893301605,1,25.6896252341,058933016,6.75260125374,-74.2115683678,1
05895,05895300101,38,17.0216950571,058953001,7.69213579197,-74.7843888031,1
05895,05895300102,34,25.8308743029,058953001,7.65349279006,-74.8260010828,1
05895,05895300103,255,18.3319553768,058953001,7.61818431053,-74.8289964047,1
05895,05895300104,238,22.790200485,058953001,7.63194452357,-74.8668129749,1
05895,05895300105,37,19.0168114229,058953001,7.65541171979,-74.7832640499,1
05895,05895300201,34,19.15579896,058953002,7.67238048771,-74.8710739096,1
05895,05895300202,91,22.1367498208,058953002,7.63451684772,-74.9069670151,1
05895,05895300203,71,19.9629154094,058953002,7.60229680669,-74.9024295452,1
05895,05895300204,31,18.2624649773,058953002,7.57475650096,-74.8608422568,1
05895,05895300301,0,20.4732284862,058953003,7.58831227856,-74.9804691149,1
05895,05895300302,11,21.305277329,058953003,7.54387836558,-75.0091209473,1
05895,05895300303,91,23.8888491292,058953003,7.51510113058,-75.0469834197,1
05895,05895300304,52,25.2983238619,058953003,7.53351815628,-75.0653797136,1
05895,05895300401,15,21.3772854537,058953004,7.585666588,-74.9471301815,1
05895,05895300402,14,23.7941570294,058953004,7.54814397224,-74.9613227334,1
05895,05895300403,91,19.5597185399,058953004,7.51847056155,-74.9603407406,1
05895,05895300404,72,22.8623541788,058953004,7.54172865653,-74.9086521037,1
05895,05895300405,66,17.0591209114,058953004,7.57317010157,-74.90844173,1
05895,05895300501,70,13.2884422936,058953005,7.53320157603,-74.8753322449,1
05895,05895300502,137,18.7604623284,058953005,7.50597687401,-74.8977227206,1
05895,05895300503,130,26.9300800473,058953005,7.48905290113,-74.9580836134,1
05895,05895300504,33,20.786819199,058953005,7.50037178462,-75.0153242191,1
05895,05895300601,45,11.870709092,058953006,7.46193452115,-75.010780597,1
05895,05895300602,55,26.3935775788,058953006,7.44996333675,-74.9823223039,1
05895,05895300603,9,17.3533241535,058953006,7.41227548106,-74.9745877239,1
05895,05895300604,46,29.3793030188,058953006,7.44491204042,-74.9352818686,1
05895,05895300701,31,15.1003818021,058953007,7.47757432294,-74.8957404911,1
05895,05895300702,30,29.5182095761,058953007,7.30164568129,-74.8920093247,1
05895,05895300703,186,27.2095687887,058953007,7.30401136181,-74.8545957732,1
05895,05895300704,80,19.7891393153,058953007,7.35486739711,-74.8670992709,1
05895,05895300705,46,6.31607711185,058953007,7.37287952654,-74.8907016102,1
05895,05895300706,63,11.3644691134,058953007,7.45403705552,-74.8866292438,1
05895,05895300707,66,19.0143192307,058953007,7.42360982986,-74.8822478511,1
05895,05895300708,65,12.0529649795,058953007,7.39878303761,-74.8657044187,1
05895,05895300801,64,15.4596078567,058953008,7.57633660947,-74.82981273,1
05895,05895300802,126,17.6986716597,058953008,7.53721561165,-74.8272886591,1
05895,05895300803,182,18.6500707384,058953008,7.51248074461,-74.8475191296,1
05895,05895300804,215,29.4786308019,058953008,7.51545605076,-74.7991144008,1
05895,05895300805,88,30.8014112485,058953008,7.46928753205,-74.8290681592,1
05895,05895300806,69,20.0102971505,058953008,7.43139741383,-74.7968168443,1
05895,05895300807,30,17.4904870668,058953008,7.47073865354,-74.7788304099,1
05895,05895300901,100,11.5796567149,058953009,7.45004256623,-74.8529190703,1
05895,05895300902,26,16.2435152723,058953009,7.41818587861,-74.834440559,1
05895,05895300903,105,19.0458979381,058953009,7.38473158776,-74.8287650432,1
05895,05895300904,148,20.7610452798,058953009,7.33759915854,-74.831591924,1
05895,05895300905,29,21.171525870300002,058953009,7.33906461678,-74.8026898388,1
05895,05895300906,0,16.5260606192,058953009,7.38791925435,-74.7922182697,1
05895,05895301001,47,25.2574138836,058953010,7.43077580954,-74.7484683794,1
05895,05895301002,2,22.6600966425,058953010,7.38179117862,-74.7689086886,1
05895,05895301003,42,18.9354354685,058953010,7.37931841435,-74.7403969011,1
05895,05895301004,23,16.6465994575,058953010,7.35223075383,-74.7298660815,1
05895,05895301005,0,11.8481153263,058953010,7.3178056645,-74.727377055,1
05895,05895301006,0,18.9723004357,058953010,7.32053855714,-74.7653704373,1
05895,05895301007,0,12.5391585427,058953010,7.30182664391,-74.8014864668,1
05895,05895301101,47,24.2186042512,058953011,7.4097756606,-74.7057459427,1
05895,05895301102,43,17.7057703261,058953011,7.406588412,-74.67289103,1
05895,05895301103,9,23.3539268513,058953011,7.37887505268,-74.646737068,1
05895,05895301104,3,16.9786571386,058953011,7.36414959357,-74.6832240386,1
05895,05895301105,7,16.6746522767,058953011,7.34372693267,-74.7021199425,1
